
> visitor-system@1.0.0 dev:backend
> npm --workspace=backend run dev


> backend@1.0.0 dev
> tsx watch src/app.ts

◇ injected env (3) from .env // tip: ⌘ custom filepath { path: '/custom/path/.env' }
[server]: Server is running at http://0.0.0.0:5001
[API Request] 2026-09-07T08:43:20.736Z - GET /
[API Request] 2026-09-07T08:43:55.183Z - GET /
2:14:50 pm [tsx] unlink in ./..\node_modules\.prisma\client\index.js Restarting...
◇ injected env (3) from .env // tip: ⌘ suppress logs { quiet: true }
[server]: Server is running at http://0.0.0.0:5001
[API Request] 2026-09-07T08:45:21.233Z - GET /api/employees/dashboard
prisma:query SELECT "public"."Visit"."id", "public"."Visit"."visitorId" FROM "public"."Visit" WHERE "public"."Visit"."hostId" = $1 OFFSET $2
prisma:query SELECT COUNT(*) AS "_count$_all" FROM (SELECT "public"."Visit"."id" FROM "public"."Visit" WHERE ("public"."Visit"."hostId" = $1 AND "public"."Visit"."scheduledAt" >= $2 AND "public"."Visit"."scheduledAt" <= $3 AND "public"."Visit"."status" IN (CAST($4::text AS "public"."VisitStatus"),CAST($5::text AS "public"."VisitStatus"))) OFFSET $6) AS "sub"
prisma:query SELECT COUNT(*) AS "_count$_all" FROM (SELECT "public"."Visit"."id" FROM "public"."Visit" WHERE "public"."Visit"."hostId" = $1 OFFSET $2) AS "sub"
prisma:query SELECT COUNT(*) AS "_count$_all" FROM (SELECT "public"."Visit"."id" FROM "public"."Visit" WHERE ("public"."Visit"."hostId" = $1 AND "public"."Visit"."status" = CAST($2::text AS "public"."VisitStatus") AND "public"."Visit"."checkInAt" IS NOT NULL AND "public"."Visit"."checkOutAt" IS NULL) OFFSET $3) AS "sub"
prisma:query SELECT COUNT(*) AS "_count$_all" FROM (SELECT "public"."Visit"."id" FROM "public"."Visit" WHERE "public"."Visit"."hostId" = $1 OFFSET $2) AS "sub"
[API Request] 2026-09-07T08:46:59.141Z - GET /
[API Request] 2026-09-07T08:47:39.423Z - GET /api/notifications
[API Request] 2026-09-07T08:47:39.672Z - POST /api/activity
[Mobile Activity] {"time":"2026-09-07T08:47:39.673Z","event":"api_request","method":"GET","url":"http://192.168.10.161:5001/api/notifications","message":"Mobile API request started","userEmail":"parth123@gmail.com","userRole":"EMPLOYEE"}
prisma:query INSERT INTO "public"."ActivityLog" ("id","event","method","url","status","message","userEmail","userRole","createdAt") VALUES ($1,$2,$3,$4,$5,$6,$7,$8,$9) RETURNING "public"."ActivityLog"."id", "public"."ActivityLog"."event", "public"."ActivityLog"."screen", "public"."ActivityLog"."action", "public"."ActivityLog"."method", "public"."ActivityLog"."url", "public"."ActivityLog"."status", "public"."ActivityLog"."message", "public"."ActivityLog"."userEmail", "public"."ActivityLog"."userRole", "public"."ActivityLog"."metadata", "public"."ActivityLog"."createdAt"
prisma:query SELECT "public"."Notification"."id", "public"."Notification"."recipientId", "public"."Notification"."recipientRole", "public"."Notification"."type", "public"."Notification"."title", "public"."Notification"."message", "public"."Notification"."visitorId", "public"."Notification"."visitId", "public"."Notification"."targetScreen", "public"."Notification"."data", "public"."Notification"."isRead", "public"."Notification"."createdAt", "public"."Notification"."updatedAt" FROM "public"."Notification" WHERE "public"."Notification"."recipientId" = $1 ORDER BY "public"."Notification"."createdAt" DESC LIMIT $2 OFFSET $3
[API Request] 2026-09-07T08:47:39.829Z - POST /api/activity
[Mobile Activity] {"time":"2026-09-07T08:47:39.830Z","event":"api_response","method":"GET","url":"http://192.168.10.161:5001/api/notifications","status":200,"message":"Mobile API request completed","userEmail":"parth123@gmail.com","userRole":"EMPLOYEE"}
prisma:query INSERT INTO "public"."ActivityLog" ("id","event","method","url","status","message","userEmail","userRole","createdAt") VALUES ($1,$2,$3,$4,$5,$6,$7,$8,$9) RETURNING "public"."ActivityLog"."id", "public"."ActivityLog"."event", "public"."ActivityLog"."screen", "public"."ActivityLog"."action", "public"."ActivityLog"."method", "public"."ActivityLog"."url", "public"."ActivityLog"."status", "public"."ActivityLog"."message", "public"."ActivityLog"."userEmail", "public"."ActivityLog"."userRole", "public"."ActivityLog"."metadata", "public"."ActivityLog"."createdAt"
[API Request] 2026-09-07T08:48:25.075Z - POST /api/activity
[Mobile Activity] {"time":"2026-09-07T08:48:25.077Z","event":"api_request","method":"GET","url":"http://192.168.10.161:5001/api/notifications","message":"Mobile API request started","userEmail":"parth123@gmail.com","userRole":"EMPLOYEE"}
[API Request] 2026-09-07T08:48:25.090Z - POST /api/activity
[Mobile Activity] {"time":"2026-09-07T08:48:25.090Z","event":"api_request","method":"GET","url":"http://192.168.10.161:5001/api/employees/dashboard","message":"Mobile API request started","userEmail":"parth123@gmail.com","userRole":"EMPLOYEE"}
[API Request] 2026-09-07T08:48:25.107Z - GET /api/notifications
[API Request] 2026-09-07T08:48:25.114Z - GET /api/employees/dashboard
prisma:query INSERT INTO "public"."ActivityLog" ("id","event","method","url","status","message","userEmail","userRole","createdAt") VALUES ($1,$2,$3,$4,$5,$6,$7,$8,$9) RETURNING "public"."ActivityLog"."id", "public"."ActivityLog"."event", "public"."ActivityLog"."screen", "public"."ActivityLog"."action", "public"."ActivityLog"."method", "public"."ActivityLog"."url", "public"."ActivityLog"."status", "public"."ActivityLog"."message", "public"."ActivityLog"."userEmail", "public"."ActivityLog"."userRole", "public"."ActivityLog"."metadata", "public"."ActivityLog"."createdAt"
prisma:query INSERT INTO "public"."ActivityLog" ("id","event","method","url","status","message","userEmail","userRole","createdAt") VALUES ($1,$2,$3,$4,$5,$6,$7,$8,$9) RETURNING "public"."ActivityLog"."id", "public"."ActivityLog"."event", "public"."ActivityLog"."screen", "public"."ActivityLog"."action", "public"."ActivityLog"."method", "public"."ActivityLog"."url", "public"."ActivityLog"."status", "public"."ActivityLog"."message", "public"."ActivityLog"."userEmail", "public"."ActivityLog"."userRole", "public"."ActivityLog"."metadata", "public"."ActivityLog"."createdAt"
prisma:query SELECT "public"."Visit"."id", "public"."Visit"."visitorId" FROM "public"."Visit" WHERE "public"."Visit"."hostId" = $1 OFFSET $2
prisma:query SELECT COUNT(*) AS "_count$_all" FROM (SELECT "public"."Visit"."id" FROM "public"."Visit" WHERE "public"."Visit"."hostId" = $1 OFFSET $2) AS "sub"
prisma:query SELECT "public"."Notification"."id", "public"."Notification"."recipientId", "public"."Notification"."recipientRole", "public"."Notification"."type", "public"."Notification"."title", "public"."Notification"."message", "public"."Notification"."visitorId", "public"."Notification"."visitId", "public"."Notification"."targetScreen", "public"."Notification"."data", "public"."Notification"."isRead", "public"."Notification"."createdAt", "public"."Notification"."updatedAt" FROM "public"."Notification" WHERE "public"."Notification"."recipientId" = $1 ORDER BY "public"."Notification"."createdAt" DESC LIMIT $2 OFFSET $3
prisma:query SELECT COUNT(*) AS "_count$_all" FROM (SELECT "public"."Visit"."id" FROM "public"."Visit" WHERE ("public"."Visit"."hostId" = $1 AND "public"."Visit"."scheduledAt" >= $2 AND "public"."Visit"."scheduledAt" <= $3 AND "public"."Visit"."status" IN (CAST($4::text AS "public"."VisitStatus"),CAST($5::text AS "public"."VisitStatus"))) OFFSET $6) AS "sub"
prisma:query SELECT COUNT(*) AS "_count$_all" FROM (SELECT "public"."Visit"."id" FROM "public"."Visit" WHERE ("public"."Visit"."hostId" = $1 AND "public"."Visit"."status" = CAST($2::text AS "public"."VisitStatus") AND "public"."Visit"."checkInAt" IS NOT NULL AND "public"."Visit"."checkOutAt" IS NULL) OFFSET $3) AS "sub"
prisma:query SELECT COUNT(*) AS "_count$_all" FROM (SELECT "public"."Visit"."id" FROM "public"."Visit" WHERE "public"."Visit"."hostId" = $1 OFFSET $2) AS "sub"
[Socket] User connected: 41065189-8bb6-43cd-82a8-720800763a88
[API Request] 2026-09-07T08:48:25.305Z - POST /api/activity
[Mobile Activity] {"time":"2026-09-07T08:48:25.307Z","event":"api_response","method":"GET","url":"http://192.168.10.161:5001/api/notifications","status":200,"message":"Mobile API request completed","userEmail":"parth123@gmail.com","userRole":"EMPLOYEE"}
[API Request] 2026-09-07T08:48:25.314Z - POST /api/activity
[Mobile Activity] {"time":"2026-09-07T08:48:25.315Z","event":"api_response","method":"GET","url":"http://192.168.10.161:5001/api/employees/dashboard","status":200,"message":"Mobile API request completed","userEmail":"parth123@gmail.com","userRole":"EMPLOYEE"}
prisma:query INSERT INTO "public"."ActivityLog" ("id","event","method","url","status","message","userEmail","userRole","createdAt") VALUES ($1,$2,$3,$4,$5,$6,$7,$8,$9) RETURNING "public"."ActivityLog"."id", "public"."ActivityLog"."event", "public"."ActivityLog"."screen", "public"."ActivityLog"."action", "public"."ActivityLog"."method", "public"."ActivityLog"."url", "public"."ActivityLog"."status", "public"."ActivityLog"."message", "public"."ActivityLog"."userEmail", "public"."ActivityLog"."userRole", "public"."ActivityLog"."metadata", "public"."ActivityLog"."createdAt"
prisma:query INSERT INTO "public"."ActivityLog" ("id","event","method","url","status","message","userEmail","userRole","createdAt") VALUES ($1,$2,$3,$4,$5,$6,$7,$8,$9) RETURNING "public"."ActivityLog"."id", "public"."ActivityLog"."event", "public"."ActivityLog"."screen", "public"."ActivityLog"."action", "public"."ActivityLog"."method", "public"."ActivityLog"."url", "public"."ActivityLog"."status", "public"."ActivityLog"."message", "public"."ActivityLog"."userEmail", "public"."ActivityLog"."userRole", "public"."ActivityLog"."metadata", "public"."ActivityLog"."createdAt"
[API Request] 2026-09-07T08:48:29.434Z - POST /api/activity
[Mobile Activity] {"time":"2026-09-07T08:48:29.977Z","event":"api_request","method":"GET","url":"http://192.168.10.161:5001/api/employees/visits","message":"Mobile API request started","userEmail":"parth123@gmail.com","userRole":"EMPLOYEE"}
[API Request] 2026-09-07T08:48:29.985Z - GET /api/employees/visits?filter=my
prisma:query INSERT INTO "public"."ActivityLog" ("id","event","method","url","status","message","userEmail","userRole","createdAt") VALUES ($1,$2,$3,$4,$5,$6,$7,$8,$9) RETURNING "public"."ActivityLog"."id", "public"."ActivityLog"."event", "public"."ActivityLog"."screen", "public"."ActivityLog"."action", "public"."ActivityLog"."method", "public"."ActivityLog"."url", "public"."ActivityLog"."status", "public"."ActivityLog"."message", "public"."ActivityLog"."userEmail", "public"."ActivityLog"."userRole", "public"."ActivityLog"."metadata", "public"."ActivityLog"."createdAt"
prisma:query SELECT "public"."Visit"."id", "public"."Visit"."displayId", "public"."Visit"."visitorId", "public"."Visit"."hostId", "public"."Visit"."createdBy", "public"."Visit"."purpose", "public"."Visit"."scheduledAt", "public"."Visit"."status"::text, "public"."Visit"."checkInAt", "public"."Visit"."checkOutAt", "public"."Visit"."createdAt" FROM "public"."Visit" WHERE "public"."Visit"."hostId" = $1 ORDER BY "public"."Visit"."scheduledAt" ASC LIMIT $2 OFFSET $3
prisma:query SELECT "public"."VisitorProfile"."id", "public"."VisitorProfile"."name", "public"."VisitorProfile"."phone", "public"."VisitorProfile"."email", "public"."VisitorProfile"."photoUrl", "public"."VisitorProfile"."idType", "public"."VisitorProfile"."idNumber", "public"."VisitorProfile"."createdAt" FROM "public"."VisitorProfile" WHERE "public"."VisitorProfile"."id" IN ($1) OFFSET $2
prisma:query SELECT "public"."User"."id", "public"."User"."name", "public"."User"."email", "public"."User"."department" FROM "public"."User" WHERE "public"."User"."id" IN ($1) OFFSET $2
[API Request] 2026-09-07T08:48:30.060Z - POST /api/activity
[Mobile Activity] {"time":"2026-09-07T08:48:30.061Z","event":"api_response","method":"GET","url":"http://192.168.10.161:5001/api/employees/visits","status":200,"message":"Mobile API request completed","userEmail":"parth123@gmail.com","userRole":"EMPLOYEE"}
prisma:query INSERT INTO "public"."ActivityLog" ("id","event","method","url","status","message","userEmail","userRole","createdAt") VALUES ($1,$2,$3,$4,$5,$6,$7,$8,$9) RETURNING "public"."ActivityLog"."id", "public"."ActivityLog"."event", "public"."ActivityLog"."screen", "public"."ActivityLog"."action", "public"."ActivityLog"."method", "public"."ActivityLog"."url", "public"."ActivityLog"."status", "public"."ActivityLog"."message", "public"."ActivityLog"."userEmail", "public"."ActivityLog"."userRole", "public"."ActivityLog"."metadata", "public"."ActivityLog"."createdAt"
[API Request] 2026-09-07T08:48:47.127Z - POST /api/activity
[Mobile Activity] {"time":"2026-09-07T08:48:47.313Z","event":"api_request","method":"PATCH","url":"http://192.168.10.161:5001/api/notifications/402a9968-a5ff-45d6-b761-1443ac3e0438/read","message":"Mobile API request started","userEmail":"parth123@gmail.com","userRole":"EMPLOYEE"}
[API Request] 2026-09-07T08:48:47.319Z - PATCH /api/notifications/402a9968-a5ff-45d6-b761-1443ac3e0438/read
prisma:query INSERT INTO "public"."ActivityLog" ("id","event","method","url","status","message","userEmail","userRole","createdAt") VALUES ($1,$2,$3,$4,$5,$6,$7,$8,$9) RETURNING "public"."ActivityLog"."id", "public"."ActivityLog"."event", "public"."ActivityLog"."screen", "public"."ActivityLog"."action", "public"."ActivityLog"."method", "public"."ActivityLog"."url", "public"."ActivityLog"."status", "public"."ActivityLog"."message", "public"."ActivityLog"."userEmail", "public"."ActivityLog"."userRole", "public"."ActivityLog"."metadata", "public"."ActivityLog"."createdAt"
prisma:query UPDATE "public"."Notification" SET "isRead" = $1, "updatedAt" = $2 WHERE ("public"."Notification"."id" = $3 AND "public"."Notification"."recipientId" = $4)
prisma:query COMMIT
[API Request] 2026-09-07T08:48:47.527Z - POST /api/activity
[Mobile Activity] {"time":"2026-09-07T08:48:47.748Z","event":"api_response","method":"PATCH","url":"http://192.168.10.161:5001/api/notifications/402a9968-a5ff-45d6-b761-1443ac3e0438/read","status":200,"message":"Mobile API request completed","userEmail":"parth123@gmail.com","userRole":"EMPLOYEE"}
prisma:query INSERT INTO "public"."ActivityLog" ("id","event","method","url","status","message","userEmail","userRole","createdAt") VALUES ($1,$2,$3,$4,$5,$6,$7,$8,$9) RETURNING "public"."ActivityLog"."id", "public"."ActivityLog"."event", "public"."ActivityLog"."screen", "public"."ActivityLog"."action", "public"."ActivityLog"."method", "public"."ActivityLog"."url", "public"."ActivityLog"."status", "public"."ActivityLog"."message", "public"."ActivityLog"."userEmail", "public"."ActivityLog"."userRole", "public"."ActivityLog"."metadata", "public"."ActivityLog"."createdAt"
[API Request] 2026-09-07T08:50:12.685Z - POST /api/activity
[Mobile Activity] {"time":"2026-09-07T08:50:12.687Z","event":"api_request","method":"GET","url":"http://192.168.10.161:5001/api/employees/visits","message":"Mobile API request started","userEmail":"parth123@gmail.com","userRole":"EMPLOYEE"}
[API Request] 2026-09-07T08:50:12.689Z - GET /api/employees/visits?filter=inside
prisma:query INSERT INTO "public"."ActivityLog" ("id","event","method","url","status","message","userEmail","userRole","createdAt") VALUES ($1,$2,$3,$4,$5,$6,$7,$8,$9) RETURNING "public"."ActivityLog"."id", "public"."ActivityLog"."event", "public"."ActivityLog"."screen", "public"."ActivityLog"."action", "public"."ActivityLog"."method", "public"."ActivityLog"."url", "public"."ActivityLog"."status", "public"."ActivityLog"."message", "public"."ActivityLog"."userEmail", "public"."ActivityLog"."userRole", "public"."ActivityLog"."metadata", "public"."ActivityLog"."createdAt"
prisma:query SELECT "public"."Visit"."id", "public"."Visit"."displayId", "public"."Visit"."visitorId", "public"."Visit"."hostId", "public"."Visit"."createdBy", "public"."Visit"."purpose", "public"."Visit"."scheduledAt", "public"."Visit"."status"::text, "public"."Visit"."checkInAt", "public"."Visit"."checkOutAt", "public"."Visit"."createdAt" FROM "public"."Visit" WHERE ("public"."Visit"."hostId" = $1 AND "public"."Visit"."status" = CAST($2::text AS "public"."VisitStatus") AND "public"."Visit"."checkInAt" IS NOT NULL AND "public"."Visit"."checkOutAt" IS NULL) ORDER BY "public"."Visit"."scheduledAt" ASC LIMIT $3 OFFSET $4
prisma:query SELECT "public"."VisitorProfile"."id", "public"."VisitorProfile"."name", "public"."VisitorProfile"."phone", "public"."VisitorProfile"."email", "public"."VisitorProfile"."photoUrl", "public"."VisitorProfile"."idType", "public"."VisitorProfile"."idNumber", "public"."VisitorProfile"."createdAt" FROM "public"."VisitorProfile" WHERE "public"."VisitorProfile"."id" IN (NULL) OFFSET $1
prisma:query SELECT "public"."User"."id", "public"."User"."name", "public"."User"."email", "public"."User"."department" FROM "public"."User" WHERE "public"."User"."id" IN (NULL) OFFSET $1
[API Request] 2026-09-07T08:50:12.813Z - POST /api/activity
[Mobile Activity] {"time":"2026-09-07T08:50:12.815Z","event":"api_response","method":"GET","url":"http://192.168.10.161:5001/api/employees/visits","status":200,"message":"Mobile API request completed","userEmail":"parth123@gmail.com","userRole":"EMPLOYEE"}
prisma:query INSERT INTO "public"."ActivityLog" ("id","event","method","url","status","message","userEmail","userRole","createdAt") VALUES ($1,$2,$3,$4,$5,$6,$7,$8,$9) RETURNING "public"."ActivityLog"."id", "public"."ActivityLog"."event", "public"."ActivityLog"."screen", "public"."ActivityLog"."action", "public"."ActivityLog"."method", "public"."ActivityLog"."url", "public"."ActivityLog"."status", "public"."ActivityLog"."message", "public"."ActivityLog"."userEmail", "public"."ActivityLog"."userRole", "public"."ActivityLog"."metadata", "public"."ActivityLog"."createdAt"
[API Request] 2026-09-07T08:50:56.659Z - GET /api/employees/visits?filter=my
[API Request] 2026-09-07T08:50:56.661Z - POST /api/activity
[Mobile Activity] {"time":"2026-09-07T08:50:56.662Z","event":"api_request","method":"GET","url":"http://192.168.10.161:5001/api/employees/visits","message":"Mobile API request started","userEmail":"parth123@gmail.com","userRole":"EMPLOYEE"}
prisma:query SELECT "public"."Visit"."id", "public"."Visit"."displayId", "public"."Visit"."visitorId", "public"."Visit"."hostId", "public"."Visit"."createdBy", "public"."Visit"."purpose", "public"."Visit"."scheduledAt", "public"."Visit"."status"::text, "public"."Visit"."checkInAt", "public"."Visit"."checkOutAt", "public"."Visit"."createdAt" FROM "public"."Visit" WHERE "public"."Visit"."hostId" = $1 ORDER BY "public"."Visit"."scheduledAt" ASC LIMIT $2 OFFSET $3
prisma:query SELECT "public"."VisitorProfile"."id", "public"."VisitorProfile"."name", "public"."VisitorProfile"."phone", "public"."VisitorProfile"."email", "public"."VisitorProfile"."photoUrl", "public"."VisitorProfile"."idType", "public"."VisitorProfile"."idNumber", "public"."VisitorProfile"."createdAt" FROM "public"."VisitorProfile" WHERE "public"."VisitorProfile"."id" IN ($1) OFFSET $2
prisma:query INSERT INTO "public"."ActivityLog" ("id","event","method","url","status","message","userEmail","userRole","createdAt") VALUES ($1,$2,$3,$4,$5,$6,$7,$8,$9) RETURNING "public"."ActivityLog"."id", "public"."ActivityLog"."event", "public"."ActivityLog"."screen", "public"."ActivityLog"."action", "public"."ActivityLog"."method", "public"."ActivityLog"."url", "public"."ActivityLog"."status", "public"."ActivityLog"."message", "public"."ActivityLog"."userEmail", "public"."ActivityLog"."userRole", "public"."ActivityLog"."metadata", "public"."ActivityLog"."createdAt"
prisma:query SELECT "public"."User"."id", "public"."User"."name", "public"."User"."email", "public"."User"."department" FROM "public"."User" WHERE "public"."User"."id" IN ($1) OFFSET $2
[API Request] 2026-09-07T08:50:56.925Z - POST /api/activity
[Mobile Activity] {"time":"2026-09-07T08:50:56.926Z","event":"api_response","method":"GET","url":"http://192.168.10.161:5001/api/employees/visits","status":200,"message":"Mobile API request completed","userEmail":"parth123@gmail.com","userRole":"EMPLOYEE"}
prisma:query INSERT INTO "public"."ActivityLog" ("id","event","method","url","status","message","userEmail","userRole","createdAt") VALUES ($1,$2,$3,$4,$5,$6,$7,$8,$9) RETURNING "public"."ActivityLog"."id", "public"."ActivityLog"."event", "public"."ActivityLog"."screen", "public"."ActivityLog"."action", "public"."ActivityLog"."method", "public"."ActivityLog"."url", "public"."ActivityLog"."status", "public"."ActivityLog"."message", "public"."ActivityLog"."userEmail", "public"."ActivityLog"."userRole", "public"."ActivityLog"."metadata", "public"."ActivityLog"."createdAt"
[API Request] 2026-09-07T08:50:59.401Z - POST /api/activity
[Mobile Activity] {"time":"2026-09-07T08:50:59.434Z","event":"api_request","method":"GET","url":"http://192.168.10.161:5001/api/employees/visits","message":"Mobile API request started","userEmail":"parth123@gmail.com","userRole":"EMPLOYEE"}
[API Request] 2026-09-07T08:50:59.437Z - GET /api/employees/visits?filter=upcoming
prisma:query INSERT INTO "public"."ActivityLog" ("id","event","method","url","status","message","userEmail","userRole","createdAt") VALUES ($1,$2,$3,$4,$5,$6,$7,$8,$9) RETURNING "public"."ActivityLog"."id", "public"."ActivityLog"."event", "public"."ActivityLog"."screen", "public"."ActivityLog"."action", "public"."ActivityLog"."method", "public"."ActivityLog"."url", "public"."ActivityLog"."status", "public"."ActivityLog"."message", "public"."ActivityLog"."userEmail", "public"."ActivityLog"."userRole", "public"."ActivityLog"."metadata", "public"."ActivityLog"."createdAt"
prisma:query SELECT "public"."Visit"."id", "public"."Visit"."displayId", "public"."Visit"."visitorId", "public"."Visit"."hostId", "public"."Visit"."createdBy", "public"."Visit"."purpose", "public"."Visit"."scheduledAt", "public"."Visit"."status"::text, "public"."Visit"."checkInAt", "public"."Visit"."checkOutAt", "public"."Visit"."createdAt" FROM "public"."Visit" WHERE ("public"."Visit"."hostId" = $1 AND "public"."Visit"."status" IN (CAST($2::text AS "public"."VisitStatus"),CAST($3::text AS "public"."VisitStatus")) AND "public"."Visit"."scheduledAt" >= $4 AND "public"."Visit"."scheduledAt" <= $5) ORDER BY "public"."Visit"."scheduledAt" ASC LIMIT $6 OFFSET $7
prisma:query SELECT "public"."User"."id", "public"."User"."name", "public"."User"."email", "public"."User"."department" FROM "public"."User" WHERE "public"."User"."id" IN ($1) OFFSET $2
prisma:query SELECT "public"."VisitorProfile"."id", "public"."VisitorProfile"."name", "public"."VisitorProfile"."phone", "public"."VisitorProfile"."email", "public"."VisitorProfile"."photoUrl", "public"."VisitorProfile"."idType", "public"."VisitorProfile"."idNumber", "public"."VisitorProfile"."createdAt" FROM "public"."VisitorProfile" WHERE "public"."VisitorProfile"."id" IN ($1) OFFSET $2
[API Request] 2026-09-07T08:50:59.496Z - POST /api/activity
[Mobile Activity] {"time":"2026-09-07T08:50:59.497Z","event":"api_response","method":"GET","url":"http://192.168.10.161:5001/api/employees/visits","status":200,"message":"Mobile API request completed","userEmail":"parth123@gmail.com","userRole":"EMPLOYEE"}
prisma:query INSERT INTO "public"."ActivityLog" ("id","event","method","url","status","message","userEmail","userRole","createdAt") VALUES ($1,$2,$3,$4,$5,$6,$7,$8,$9) RETURNING "public"."ActivityLog"."id", "public"."ActivityLog"."event", "public"."ActivityLog"."screen", "public"."ActivityLog"."action", "public"."ActivityLog"."method", "public"."ActivityLog"."url", "public"."ActivityLog"."status", "public"."ActivityLog"."message", "public"."ActivityLog"."userEmail", "public"."ActivityLog"."userRole", "public"."ActivityLog"."metadata", "public"."ActivityLog"."createdAt"
[API Request] 2026-09-07T08:51:04.194Z - POST /api/activity
[Mobile Activity] {"time":"2026-09-07T08:51:04.307Z","event":"api_request","method":"GET","url":"http://192.168.10.161:5001/api/employees/visits","message":"Mobile API request started","userEmail":"parth123@gmail.com","userRole":"EMPLOYEE"}
[API Request] 2026-09-07T08:51:04.309Z - GET /api/employees/visits?filter=inside
prisma:query INSERT INTO "public"."ActivityLog" ("id","event","method","url","status","message","userEmail","userRole","createdAt") VALUES ($1,$2,$3,$4,$5,$6,$7,$8,$9) RETURNING "public"."ActivityLog"."id", "public"."ActivityLog"."event", "public"."ActivityLog"."screen", "public"."ActivityLog"."action", "public"."ActivityLog"."method", "public"."ActivityLog"."url", "public"."ActivityLog"."status", "public"."ActivityLog"."message", "public"."ActivityLog"."userEmail", "public"."ActivityLog"."userRole", "public"."ActivityLog"."metadata", "public"."ActivityLog"."createdAt"
prisma:query SELECT "public"."Visit"."id", "public"."Visit"."displayId", "public"."Visit"."visitorId", "public"."Visit"."hostId", "public"."Visit"."createdBy", "public"."Visit"."purpose", "public"."Visit"."scheduledAt", "public"."Visit"."status"::text, "public"."Visit"."checkInAt", "public"."Visit"."checkOutAt", "public"."Visit"."createdAt" FROM "public"."Visit" WHERE ("public"."Visit"."hostId" = $1 AND "public"."Visit"."status" = CAST($2::text AS "public"."VisitStatus") AND "public"."Visit"."checkInAt" IS NOT NULL AND "public"."Visit"."checkOutAt" IS NULL) ORDER BY "public"."Visit"."scheduledAt" ASC LIMIT $3 OFFSET $4
prisma:query SELECT "public"."User"."id", "public"."User"."name", "public"."User"."email", "public"."User"."department" FROM "public"."User" WHERE "public"."User"."id" IN (NULL) OFFSET $1
prisma:query SELECT "public"."VisitorProfile"."id", "public"."VisitorProfile"."name", "public"."VisitorProfile"."phone", "public"."VisitorProfile"."email", "public"."VisitorProfile"."photoUrl", "public"."VisitorProfile"."idType", "public"."VisitorProfile"."idNumber", "public"."VisitorProfile"."createdAt" FROM "public"."VisitorProfile" WHERE "public"."VisitorProfile"."id" IN (NULL) OFFSET $1
[API Request] 2026-09-07T08:51:04.351Z - POST /api/activity
[Mobile Activity] {"time":"2026-09-07T08:51:04.352Z","event":"api_response","method":"GET","url":"http://192.168.10.161:5001/api/employees/visits","status":200,"message":"Mobile API request completed","userEmail":"parth123@gmail.com","userRole":"EMPLOYEE"}
prisma:query INSERT INTO "public"."ActivityLog" ("id","event","method","url","status","message","userEmail","userRole","createdAt") VALUES ($1,$2,$3,$4,$5,$6,$7,$8,$9) RETURNING "public"."ActivityLog"."id", "public"."ActivityLog"."event", "public"."ActivityLog"."screen", "public"."ActivityLog"."action", "public"."ActivityLog"."method", "public"."ActivityLog"."url", "public"."ActivityLog"."status", "public"."ActivityLog"."message", "public"."ActivityLog"."userEmail", "public"."ActivityLog"."userRole", "public"."ActivityLog"."metadata", "public"."ActivityLog"."createdAt"
[API Request] 2026-09-07T08:52:24.928Z - GET /api/employees/dashboard
[API Request] 2026-09-07T08:52:24.935Z - POST /api/activity
[Mobile Activity] {"time":"2026-09-07T08:52:24.935Z","event":"api_request","method":"GET","url":"http://192.168.10.161:5001/api/employees/dashboard","message":"Mobile API request started","userEmail":"parth123@gmail.com","userRole":"EMPLOYEE"}
prisma:query SELECT COUNT(*) AS "_count$_all" FROM (SELECT "public"."Visit"."id" FROM "public"."Visit" WHERE ("public"."Visit"."hostId" = $1 AND "public"."Visit"."scheduledAt" >= $2 AND "public"."Visit"."scheduledAt" <= $3 AND "public"."Visit"."status" IN (CAST($4::text AS "public"."VisitStatus"),CAST($5::text AS "public"."VisitStatus"))) OFFSET $6) AS "sub"
prisma:query SELECT COUNT(*) AS "_count$_all" FROM (SELECT "public"."Visit"."id" FROM "public"."Visit" WHERE "public"."Visit"."hostId" = $1 OFFSET $2) AS "sub"
prisma:query SELECT COUNT(*) AS "_count$_all" FROM (SELECT "public"."Visit"."id" FROM "public"."Visit" WHERE ("public"."Visit"."hostId" = $1 AND "public"."Visit"."status" = CAST($2::text AS "public"."VisitStatus") AND "public"."Visit"."checkInAt" IS NOT NULL AND "public"."Visit"."checkOutAt" IS NULL) OFFSET $3) AS "sub"
prisma:query SELECT "public"."Visit"."id", "public"."Visit"."visitorId" FROM "public"."Visit" WHERE "public"."Visit"."hostId" = $1 OFFSET $2
prisma:query SELECT COUNT(*) AS "_count$_all" FROM (SELECT "public"."Visit"."id" FROM "public"."Visit" WHERE "public"."Visit"."hostId" = $1 OFFSET $2) AS "sub"
prisma:query INSERT INTO "public"."ActivityLog" ("id","event","method","url","status","message","userEmail","userRole","createdAt") VALUES ($1,$2,$3,$4,$5,$6,$7,$8,$9) RETURNING "public"."ActivityLog"."id", "public"."ActivityLog"."event", "public"."ActivityLog"."screen", "public"."ActivityLog"."action", "public"."ActivityLog"."method", "public"."ActivityLog"."url", "public"."ActivityLog"."status", "public"."ActivityLog"."message", "public"."ActivityLog"."userEmail", "public"."ActivityLog"."userRole", "public"."ActivityLog"."metadata", "public"."ActivityLog"."createdAt"
[API Request] 2026-09-07T08:52:25.148Z - POST /api/activity
[Mobile Activity] {"time":"2026-09-07T08:52:25.150Z","event":"api_response","method":"GET","url":"http://192.168.10.161:5001/api/employees/dashboard","status":200,"message":"Mobile API request completed","userEmail":"parth123@gmail.com","userRole":"EMPLOYEE"}
prisma:query INSERT INTO "public"."ActivityLog" ("id","event","method","url","status","message","userEmail","userRole","createdAt") VALUES ($1,$2,$3,$4,$5,$6,$7,$8,$9) RETURNING "public"."ActivityLog"."id", "public"."ActivityLog"."event", "public"."ActivityLog"."screen", "public"."ActivityLog"."action", "public"."ActivityLog"."method", "public"."ActivityLog"."url", "public"."ActivityLog"."status", "public"."ActivityLog"."message", "public"."ActivityLog"."userEmail", "public"."ActivityLog"."userRole", "public"."ActivityLog"."metadata", "public"."ActivityLog"."createdAt"
[API Request] 2026-09-07T08:58:25.594Z - POST /api/activity
[Mobile Activity] {"time":"2026-09-07T08:58:25.595Z","event":"api_request","method":"GET","url":"http://192.168.10.161:5001/api/employees/dashboard","message":"Mobile API request started","userEmail":"parth123@gmail.com","userRole":"EMPLOYEE"}
[API Request] 2026-09-07T08:58:25.608Z - GET /api/employees/dashboard
prisma:query SELECT "public"."Visit"."id", "public"."Visit"."visitorId" FROM "public"."Visit" WHERE "public"."Visit"."hostId" = $1 OFFSET $2
prisma:query INSERT INTO "public"."ActivityLog" ("id","event","method","url","status","message","userEmail","userRole","createdAt") VALUES ($1,$2,$3,$4,$5,$6,$7,$8,$9) RETURNING "public"."ActivityLog"."id", "public"."ActivityLog"."event", "public"."ActivityLog"."screen", "public"."ActivityLog"."action", "public"."ActivityLog"."method", "public"."ActivityLog"."url", "public"."ActivityLog"."status", "public"."ActivityLog"."message", "public"."ActivityLog"."userEmail", "public"."ActivityLog"."userRole", "public"."ActivityLog"."metadata", "public"."ActivityLog"."createdAt"
prisma:query SELECT COUNT(*) AS "_count$_all" FROM (SELECT "public"."Visit"."id" FROM "public"."Visit" WHERE ("public"."Visit"."hostId" = $1 AND "public"."Visit"."status" = CAST($2::text AS "public"."VisitStatus") AND "public"."Visit"."checkInAt" IS NOT NULL AND "public"."Visit"."checkOutAt" IS NULL) OFFSET $3) AS "sub"
prisma:query SELECT COUNT(*) AS "_count$_all" FROM (SELECT "public"."Visit"."id" FROM "public"."Visit" WHERE ("public"."Visit"."hostId" = $1 AND "public"."Visit"."scheduledAt" >= $2 AND "public"."Visit"."scheduledAt" <= $3 AND "public"."Visit"."status" IN (CAST($4::text AS "public"."VisitStatus"),CAST($5::text AS "public"."VisitStatus"))) OFFSET $6) AS "sub"
prisma:query SELECT COUNT(*) AS "_count$_all" FROM (SELECT "public"."Visit"."id" FROM "public"."Visit" WHERE "public"."Visit"."hostId" = $1 OFFSET $2) AS "sub"
prisma:query SELECT COUNT(*) AS "_count$_all" FROM (SELECT "public"."Visit"."id" FROM "public"."Visit" WHERE "public"."Visit"."hostId" = $1 OFFSET $2) AS "sub"
[API Request] 2026-09-07T08:58:25.818Z - POST /api/activity
[Mobile Activity] {"time":"2026-09-07T08:58:25.820Z","event":"api_response","method":"GET","url":"http://192.168.10.161:5001/api/employees/dashboard","status":200,"message":"Mobile API request completed","userEmail":"parth123@gmail.com","userRole":"EMPLOYEE"}
prisma:query INSERT INTO "public"."ActivityLog" ("id","event","method","url","status","message","userEmail","userRole","createdAt") VALUES ($1,$2,$3,$4,$5,$6,$7,$8,$9) RETURNING "public"."ActivityLog"."id", "public"."ActivityLog"."event", "public"."ActivityLog"."screen", "public"."ActivityLog"."action", "public"."ActivityLog"."method", "public"."ActivityLog"."url", "public"."ActivityLog"."status", "public"."ActivityLog"."message", "public"."ActivityLog"."userEmail", "public"."ActivityLog"."userRole", "public"."ActivityLog"."metadata", "public"."ActivityLog"."createdAt"
[API Request] 2026-09-07T09:03:02.654Z - POST /api/activity
[Mobile Activity] {"time":"2026-09-07T09:03:02.657Z","event":"api_request","method":"POST","url":"http://192.168.10.161:5001/api/employees/invitations","message":"Mobile API request started","userEmail":"parth123@gmail.com","userRole":"EMPLOYEE"}
[API Request] 2026-09-07T09:03:02.659Z - POST /api/employees/invitations
prisma:query INSERT INTO "public"."ActivityLog" ("id","event","method","url","status","message","userEmail","userRole","createdAt") VALUES ($1,$2,$3,$4,$5,$6,$7,$8,$9) RETURNING "public"."ActivityLog"."id", "public"."ActivityLog"."event", "public"."ActivityLog"."screen", "public"."ActivityLog"."action", "public"."ActivityLog"."method", "public"."ActivityLog"."url", "public"."ActivityLog"."status", "public"."ActivityLog"."message", "public"."ActivityLog"."userEmail", "public"."ActivityLog"."userRole", "public"."ActivityLog"."metadata", "public"."ActivityLog"."createdAt"
prisma:query SELECT "public"."User"."id", "public"."User"."name", "public"."User"."department" FROM "public"."User" WHERE ("public"."User"."id" = $1 AND 1=1) LIMIT $2 OFFSET $3
prisma:query SELECT "public"."VisitorProfile"."id", "public"."VisitorProfile"."name", "public"."VisitorProfile"."phone", "public"."VisitorProfile"."email", "public"."VisitorProfile"."photoUrl", "public"."VisitorProfile"."idType", "public"."VisitorProfile"."idNumber", "public"."VisitorProfile"."createdAt" FROM "public"."VisitorProfile" WHERE ("public"."VisitorProfile"."phone" = $1 OR "public"."VisitorProfile"."email" = $2) LIMIT $3 OFFSET $4
prisma:query INSERT INTO "public"."VisitorProfile" ("id","name","phone","email","createdAt") VALUES ($1,$2,$3,$4,$5) RETURNING "public"."VisitorProfile"."id", "public"."VisitorProfile"."name", "public"."VisitorProfile"."phone", "public"."VisitorProfile"."email", "public"."VisitorProfile"."photoUrl", "public"."VisitorProfile"."idType", "public"."VisitorProfile"."idNumber", "public"."VisitorProfile"."createdAt"
prisma:query SELECT COUNT(*) AS "_count$_all" FROM (SELECT "public"."Visit"."id" FROM "public"."Visit" WHERE 1=1 OFFSET $1) AS "sub"
prisma:query SELECT COUNT(*) AS "_count$_all" FROM (SELECT "public"."NewAppointment"."id" FROM "public"."NewAppointment" WHERE 1=1 OFFSET $1) AS "sub"
prisma:query INSERT INTO "public"."Visit" ("id","displayId","visitorId","hostId","createdBy","purpose","scheduledAt","status","createdAt") VALUES ($1,$2,$3,$4,$5,$6,$7,CAST($8::text AS "public"."VisitStatus"),$9) RETURNING "public"."Visit"."id"
prisma:query SELECT "public"."Visit"."id", "public"."Visit"."displayId", "public"."Visit"."visitorId", "public"."Visit"."hostId", "public"."Visit"."createdBy", "public"."Visit"."purpose", "public"."Visit"."scheduledAt", "public"."Visit"."status"::text, "public"."Visit"."checkInAt", "public"."Visit"."checkOutAt", "public"."Visit"."createdAt" FROM "public"."Visit" WHERE "public"."Visit"."id" = $1 LIMIT $2 OFFSET $3
prisma:query SELECT "public"."VisitorProfile"."id", "public"."VisitorProfile"."name", "public"."VisitorProfile"."phone", "public"."VisitorProfile"."email", "public"."VisitorProfile"."photoUrl", "public"."VisitorProfile"."idType", "public"."VisitorProfile"."idNumber", "public"."VisitorProfile"."createdAt" FROM "public"."VisitorProfile" WHERE "public"."VisitorProfile"."id" = $1 OFFSET $2
prisma:query SELECT "public"."User"."id", "public"."User"."employeeId", "public"."User"."name", "public"."User"."phone", "public"."User"."email", "public"."User"."passwordHash", "public"."User"."role"::text, "public"."User"."department", "public"."User"."designation", "public"."User"."status", "public"."User"."createdAt" FROM "public"."User" WHERE "public"."User"."id" = $1 OFFSET $2
prisma:query COMMIT
prisma:query INSERT INTO "public"."NewAppointment" ("id","appointmentId","fullName","mobile","email","company","visitorType","purpose","personToMeet","department","visitDate","arrivalTime","notes","status","createdAt","updatedAt") VALUES ($1,$2,$3,$4,$5,$6,$7,$8,$9,$10,$11,$12,$13,$14,$15,$16) RETURNING "public"."NewAppointment"."id", "public"."NewAppointment"."appointmentId", "public"."NewAppointment"."fullName", "public"."NewAppointment"."mobile", "public"."NewAppointment"."email", "public"."NewAppointment"."company", "public"."NewAppointment"."visitorType", "public"."NewAppointment"."purpose", "public"."NewAppointment"."personToMeet", "public"."NewAppointment"."department", "public"."NewAppointment"."visitDate", "public"."NewAppointment"."arrivalTime", "public"."NewAppointment"."vehicleNumber", "public"."NewAppointment"."notes", "public"."NewAppointment"."status", "public"."NewAppointment"."rejectionReason", "public"."NewAppointment"."decidedAt", "public"."NewAppointment"."createdAt", "public"."NewAppointment"."updatedAt"
prisma:query INSERT INTO "public"."Notification" ("id","recipientId","recipientRole","type","title","message","visitorId","visitId","targetScreen","data","isRead","createdAt","updatedAt") VALUES ($1,$2,$3,$4,$5,$6,$7,$8,$9,$10,$11,$12,$13) RETURNING "public"."Notification"."id", "public"."Notification"."recipientId", "public"."Notification"."recipientRole", "public"."Notification"."type", "public"."Notification"."title", "public"."Notification"."message", "public"."Notification"."visitorId", "public"."Notification"."visitId", "public"."Notification"."targetScreen", "public"."Notification"."data", "public"."Notification"."isRead", "public"."Notification"."createdAt", "public"."Notification"."updatedAt"
prisma:query SELECT "public"."PushToken"."id", "public"."PushToken"."userId", "public"."PushToken"."token", "public"."PushToken"."platform", "public"."PushToken"."isActive", "public"."PushToken"."createdAt", "public"."PushToken"."updatedAt" FROM "public"."PushToken" WHERE ("public"."PushToken"."userId" = $1 AND "public"."PushToken"."isActive" = $2) OFFSET $3
[Push] NEW_VISITOR_INVITATION recipient=41065189-8bb6-43cd-82a8-720800763a88 tokens=0
[API Request] 2026-09-07T09:03:02.990Z - POST /api/activity
[Mobile Activity] {"time":"2026-09-07T09:03:02.991Z","event":"api_response","method":"POST","url":"http://192.168.10.161:5001/api/employees/invitations","status":201,"message":"Mobile API request completed","userEmail":"parth123@gmail.com","userRole":"EMPLOYEE"}
prisma:query INSERT INTO "public"."ActivityLog" ("id","event","method","url","status","message","userEmail","userRole","createdAt") VALUES ($1,$2,$3,$4,$5,$6,$7,$8,$9) RETURNING "public"."ActivityLog"."id", "public"."ActivityLog"."event", "public"."ActivityLog"."screen", "public"."ActivityLog"."action", "public"."ActivityLog"."method", "public"."ActivityLog"."url", "public"."ActivityLog"."status", "public"."ActivityLog"."message", "public"."ActivityLog"."userEmail", "public"."ActivityLog"."userRole", "public"."ActivityLog"."metadata", "public"."ActivityLog"."createdAt"
[API Request] 2026-09-07T09:03:06.795Z - POST /api/activity
[Mobile Activity] {"time":"2026-09-07T09:03:06.796Z","event":"api_request","method":"GET","url":"http://192.168.10.161:5001/api/employees/dashboard","message":"Mobile API request started","userEmail":"parth123@gmail.com","userRole":"EMPLOYEE"}
[API Request] 2026-09-07T09:03:06.798Z - GET /api/employees/dashboard
prisma:query INSERT INTO "public"."ActivityLog" ("id","event","method","url","status","message","userEmail","userRole","createdAt") VALUES ($1,$2,$3,$4,$5,$6,$7,$8,$9) RETURNING "public"."ActivityLog"."id", "public"."ActivityLog"."event", "public"."ActivityLog"."screen", "public"."ActivityLog"."action", "public"."ActivityLog"."method", "public"."ActivityLog"."url", "public"."ActivityLog"."status", "public"."ActivityLog"."message", "public"."ActivityLog"."userEmail", "public"."ActivityLog"."userRole", "public"."ActivityLog"."metadata", "public"."ActivityLog"."createdAt"
prisma:query SELECT "public"."Visit"."id", "public"."Visit"."visitorId" FROM "public"."Visit" WHERE "public"."Visit"."hostId" = $1 OFFSET $2
prisma:query SELECT COUNT(*) AS "_count$_all" FROM (SELECT "public"."Visit"."id" FROM "public"."Visit" WHERE "public"."Visit"."hostId" = $1 OFFSET $2) AS "sub"
prisma:query SELECT COUNT(*) AS "_count$_all" FROM (SELECT "public"."Visit"."id" FROM "public"."Visit" WHERE ("public"."Visit"."hostId" = $1 AND "public"."Visit"."scheduledAt" >= $2 AND "public"."Visit"."scheduledAt" <= $3 AND "public"."Visit"."status" IN (CAST($4::text AS "public"."VisitStatus"),CAST($5::text AS "public"."VisitStatus"))) OFFSET $6) AS "sub"
prisma:query SELECT COUNT(*) AS "_count$_all" FROM (SELECT "public"."Visit"."id" FROM "public"."Visit" WHERE ("public"."Visit"."hostId" = $1 AND "public"."Visit"."status" = CAST($2::text AS "public"."VisitStatus") AND "public"."Visit"."checkInAt" IS NOT NULL AND "public"."Visit"."checkOutAt" IS NULL) OFFSET $3) AS "sub"
prisma:query SELECT COUNT(*) AS "_count$_all" FROM (SELECT "public"."Visit"."id" FROM "public"."Visit" WHERE "public"."Visit"."hostId" = $1 OFFSET $2) AS "sub"
[API Request] 2026-09-07T09:03:06.911Z - POST /api/activity
[Mobile Activity] {"time":"2026-09-07T09:03:06.911Z","event":"api_response","method":"GET","url":"http://192.168.10.161:5001/api/employees/dashboard","status":200,"message":"Mobile API request completed","userEmail":"parth123@gmail.com","userRole":"EMPLOYEE"}
prisma:query INSERT INTO "public"."ActivityLog" ("id","event","method","url","status","message","userEmail","userRole","createdAt") VALUES ($1,$2,$3,$4,$5,$6,$7,$8,$9) RETURNING "public"."ActivityLog"."id", "public"."ActivityLog"."event", "public"."ActivityLog"."screen", "public"."ActivityLog"."action", "public"."ActivityLog"."method", "public"."ActivityLog"."url", "public"."ActivityLog"."status", "public"."ActivityLog"."message", "public"."ActivityLog"."userEmail", "public"."ActivityLog"."userRole", "public"."ActivityLog"."metadata", "public"."ActivityLog"."createdAt"
[API Request] 2026-09-07T09:03:11.380Z - POST /api/activity
[Mobile Activity] {"time":"2026-09-07T09:03:11.382Z","event":"api_request","method":"GET","url":"http://192.168.10.161:5001/api/employees/visits","message":"Mobile API request started","userEmail":"parth123@gmail.com","userRole":"EMPLOYEE"}
[API Request] 2026-09-07T09:03:11.386Z - GET /api/employees/visits?filter=my
prisma:query INSERT INTO "public"."ActivityLog" ("id","event","method","url","status","message","userEmail","userRole","createdAt") VALUES ($1,$2,$3,$4,$5,$6,$7,$8,$9) RETURNING "public"."ActivityLog"."id", "public"."ActivityLog"."event", "public"."ActivityLog"."screen", "public"."ActivityLog"."action", "public"."ActivityLog"."method", "public"."ActivityLog"."url", "public"."ActivityLog"."status", "public"."ActivityLog"."message", "public"."ActivityLog"."userEmail", "public"."ActivityLog"."userRole", "public"."ActivityLog"."metadata", "public"."ActivityLog"."createdAt"
prisma:query SELECT "public"."Visit"."id", "public"."Visit"."displayId", "public"."Visit"."visitorId", "public"."Visit"."hostId", "public"."Visit"."createdBy", "public"."Visit"."purpose", "public"."Visit"."scheduledAt", "public"."Visit"."status"::text, "public"."Visit"."checkInAt", "public"."Visit"."checkOutAt", "public"."Visit"."createdAt" FROM "public"."Visit" WHERE "public"."Visit"."hostId" = $1 ORDER BY "public"."Visit"."scheduledAt" ASC LIMIT $2 OFFSET $3
prisma:query SELECT "public"."VisitorProfile"."id", "public"."VisitorProfile"."name", "public"."VisitorProfile"."phone", "public"."VisitorProfile"."email", "public"."VisitorProfile"."photoUrl", "public"."VisitorProfile"."idType", "public"."VisitorProfile"."idNumber", "public"."VisitorProfile"."createdAt" FROM "public"."VisitorProfile" WHERE "public"."VisitorProfile"."id" IN ($1,$2) OFFSET $3
prisma:query SELECT "public"."User"."id", "public"."User"."name", "public"."User"."email", "public"."User"."department" FROM "public"."User" WHERE "public"."User"."id" IN ($1,$2) OFFSET $3
[API Request] 2026-09-07T09:03:11.427Z - POST /api/activity
[Mobile Activity] {"time":"2026-09-07T09:03:11.428Z","event":"api_response","method":"GET","url":"http://192.168.10.161:5001/api/employees/visits","status":200,"message":"Mobile API request completed","userEmail":"parth123@gmail.com","userRole":"EMPLOYEE"}
prisma:query INSERT INTO "public"."ActivityLog" ("id","event","method","url","status","message","userEmail","userRole","createdAt") VALUES ($1,$2,$3,$4,$5,$6,$7,$8,$9) RETURNING "public"."ActivityLog"."id", "public"."ActivityLog"."event", "public"."ActivityLog"."screen", "public"."ActivityLog"."action", "public"."ActivityLog"."method", "public"."ActivityLog"."url", "public"."ActivityLog"."status", "public"."ActivityLog"."message", "public"."ActivityLog"."userEmail", "public"."ActivityLog"."userRole", "public"."ActivityLog"."metadata", "public"."ActivityLog"."createdAt"
[Socket] User disconnected: 41065189-8bb6-43cd-82a8-720800763a88
[API Request] 2026-09-07T09:08:17.148Z - POST /api/activity
[Mobile Activity] {"time":"2026-09-07T09:08:17.149Z","event":"login_attempt","screen":"Login","action":"Sign In","message":"Login attempt started","metadata":{"email":"parth123@gmail.com"}}
[API Request] 2026-09-07T09:08:17.163Z - POST /api/activity
[Mobile Activity] {"time":"2026-09-07T09:08:17.164Z","event":"api_request","method":"POST","url":"http://192.168.10.161:5001/api/auth/login","message":"Mobile API request started"}
[API Request] 2026-09-07T09:08:17.172Z - POST /api/auth/login
prisma:query INSERT INTO "public"."ActivityLog" ("id","event","screen","action","status","message","metadata","createdAt") VALUES ($1,$2,$3,$4,$5,$6,$7,$8) RETURNING "public"."ActivityLog"."id", "public"."ActivityLog"."event", "public"."ActivityLog"."screen", "public"."ActivityLog"."action", "public"."ActivityLog"."method", "public"."ActivityLog"."url", "public"."ActivityLog"."status", "public"."ActivityLog"."message", "public"."ActivityLog"."userEmail", "public"."ActivityLog"."userRole", "public"."ActivityLog"."metadata", "public"."ActivityLog"."createdAt"
prisma:query SELECT "public"."User"."id", "public"."User"."employeeId", "public"."User"."name", "public"."User"."phone", "public"."User"."email", "public"."User"."passwordHash", "public"."User"."role"::text, "public"."User"."department", "public"."User"."designation", "public"."User"."status", "public"."User"."createdAt" FROM "public"."User" WHERE ("public"."User"."email" = $1 AND 1=1) LIMIT $2 OFFSET $3
prisma:query INSERT INTO "public"."ActivityLog" ("id","event","method","url","status","message","createdAt") VALUES ($1,$2,$3,$4,$5,$6,$7) RETURNING "public"."ActivityLog"."id", "public"."ActivityLog"."event", "public"."ActivityLog"."screen", "public"."ActivityLog"."action", "public"."ActivityLog"."method", "public"."ActivityLog"."url", "public"."ActivityLog"."status", "public"."ActivityLog"."message", "public"."ActivityLog"."userEmail", "public"."ActivityLog"."userRole", "public"."ActivityLog"."metadata", "public"."ActivityLog"."createdAt"
[API Request] 2026-09-07T09:08:17.363Z - POST /api/activity
[Mobile Activity] {"time":"2026-09-07T09:08:17.363Z","event":"api_response","method":"POST","url":"http://192.168.10.161:5001/api/auth/login","status":200,"message":"Mobile API request completed"}
prisma:query INSERT INTO "public"."ActivityLog" ("id","event","method","url","status","message","createdAt") VALUES ($1,$2,$3,$4,$5,$6,$7) RETURNING "public"."ActivityLog"."id", "public"."ActivityLog"."event", "public"."ActivityLog"."screen", "public"."ActivityLog"."action", "public"."ActivityLog"."method", "public"."ActivityLog"."url", "public"."ActivityLog"."status", "public"."ActivityLog"."message", "public"."ActivityLog"."userEmail", "public"."ActivityLog"."userRole", "public"."ActivityLog"."metadata", "public"."ActivityLog"."createdAt"
[API Request] 2026-09-07T09:08:18.486Z - POST /api/activity
[Mobile Activity] {"time":"2026-09-07T09:08:18.487Z","event":"api_request","method":"GET","url":"http://192.168.10.161:5001/api/notifications","message":"Mobile API request started","userEmail":"parth123@gmail.com","userRole":"EMPLOYEE"}
[API Request] 2026-09-07T09:08:18.491Z - POST /api/activity
[Mobile Activity] {"time":"2026-09-07T09:08:18.492Z","event":"login_success","screen":"Login","action":"Sign In","message":"Login successful","userEmail":"parth123@gmail.com","userRole":"EMPLOYEE","metadata":{"email":"parth123@gmail.com","role":"EMPLOYEE"}}
[API Request] 2026-09-07T09:08:18.498Z - POST /api/activity
[Mobile Activity] {"time":"2026-09-07T09:08:18.499Z","event":"api_request","method":"GET","url":"http://192.168.10.161:5001/api/employees/dashboard","message":"Mobile API request started","userEmail":"parth123@gmail.com","userRole":"EMPLOYEE"}
prisma:query INSERT INTO "public"."ActivityLog" ("id","event","method","url","status","message","userEmail","userRole","createdAt") VALUES ($1,$2,$3,$4,$5,$6,$7,$8,$9) RETURNING "public"."ActivityLog"."id", "public"."ActivityLog"."event", "public"."ActivityLog"."screen", "public"."ActivityLog"."action", "public"."ActivityLog"."method", "public"."ActivityLog"."url", "public"."ActivityLog"."status", "public"."ActivityLog"."message", "public"."ActivityLog"."userEmail", "public"."ActivityLog"."userRole", "public"."ActivityLog"."metadata", "public"."ActivityLog"."createdAt"
[API Request] 2026-09-07T09:08:18.506Z - GET /api/employees/dashboard
prisma:query INSERT INTO "public"."ActivityLog" ("id","event","screen","action","status","message","userEmail","userRole","metadata","createdAt") VALUES ($1,$2,$3,$4,$5,$6,$7,$8,$9,$10) RETURNING "public"."ActivityLog"."id", "public"."ActivityLog"."event", "public"."ActivityLog"."screen", "public"."ActivityLog"."action", "public"."ActivityLog"."method", "public"."ActivityLog"."url", "public"."ActivityLog"."status", "public"."ActivityLog"."message", "public"."ActivityLog"."userEmail", "public"."ActivityLog"."userRole", "public"."ActivityLog"."metadata", "public"."ActivityLog"."createdAt"
prisma:query INSERT INTO "public"."ActivityLog" ("id","event","method","url","status","message","userEmail","userRole","createdAt") VALUES ($1,$2,$3,$4,$5,$6,$7,$8,$9) RETURNING "public"."ActivityLog"."id", "public"."ActivityLog"."event", "public"."ActivityLog"."screen", "public"."ActivityLog"."action", "public"."ActivityLog"."method", "public"."ActivityLog"."url", "public"."ActivityLog"."status", "public"."ActivityLog"."message", "public"."ActivityLog"."userEmail", "public"."ActivityLog"."userRole", "public"."ActivityLog"."metadata", "public"."ActivityLog"."createdAt"
[API Request] 2026-09-07T09:08:18.518Z - GET /api/notifications
prisma:query SELECT "public"."Visit"."id", "public"."Visit"."visitorId" FROM "public"."Visit" WHERE "public"."Visit"."hostId" = $1 OFFSET $2
prisma:query SELECT "public"."Notification"."id", "public"."Notification"."recipientId", "public"."Notification"."recipientRole", "public"."Notification"."type", "public"."Notification"."title", "public"."Notification"."message", "public"."Notification"."visitorId", "public"."Notification"."visitId", "public"."Notification"."targetScreen", "public"."Notification"."data", "public"."Notification"."isRead", "public"."Notification"."createdAt", "public"."Notification"."updatedAt" FROM "public"."Notification" WHERE "public"."Notification"."recipientId" = $1 ORDER BY "public"."Notification"."createdAt" DESC LIMIT $2 OFFSET $3
[Socket] User connected: 41065189-8bb6-43cd-82a8-720800763a88
prisma:query SELECT COUNT(*) AS "_count$_all" FROM (SELECT "public"."Visit"."id" FROM "public"."Visit" WHERE "public"."Visit"."hostId" = $1 OFFSET $2) AS "sub"
prisma:query SELECT COUNT(*) AS "_count$_all" FROM (SELECT "public"."Visit"."id" FROM "public"."Visit" WHERE ("public"."Visit"."hostId" = $1 AND "public"."Visit"."scheduledAt" >= $2 AND "public"."Visit"."scheduledAt" <= $3 AND "public"."Visit"."status" IN (CAST($4::text AS "public"."VisitStatus"),CAST($5::text AS "public"."VisitStatus"))) OFFSET $6) AS "sub"
prisma:query SELECT COUNT(*) AS "_count$_all" FROM (SELECT "public"."Visit"."id" FROM "public"."Visit" WHERE ("public"."Visit"."hostId" = $1 AND "public"."Visit"."status" = CAST($2::text AS "public"."VisitStatus") AND "public"."Visit"."checkInAt" IS NOT NULL AND "public"."Visit"."checkOutAt" IS NULL) OFFSET $3) AS "sub"
prisma:query SELECT COUNT(*) AS "_count$_all" FROM (SELECT "public"."Visit"."id" FROM "public"."Visit" WHERE "public"."Visit"."hostId" = $1 OFFSET $2) AS "sub"
[API Request] 2026-09-07T09:08:18.658Z - POST /api/activity
[Mobile Activity] {"time":"2026-09-07T09:08:18.660Z","event":"api_response","method":"GET","url":"http://192.168.10.161:5001/api/notifications","status":200,"message":"Mobile API request completed","userEmail":"parth123@gmail.com","userRole":"EMPLOYEE"}
prisma:query INSERT INTO "public"."ActivityLog" ("id","event","method","url","status","message","userEmail","userRole","createdAt") VALUES ($1,$2,$3,$4,$5,$6,$7,$8,$9) RETURNING "public"."ActivityLog"."id", "public"."ActivityLog"."event", "public"."ActivityLog"."screen", "public"."ActivityLog"."action", "public"."ActivityLog"."method", "public"."ActivityLog"."url", "public"."ActivityLog"."status", "public"."ActivityLog"."message", "public"."ActivityLog"."userEmail", "public"."ActivityLog"."userRole", "public"."ActivityLog"."metadata", "public"."ActivityLog"."createdAt"
[API Request] 2026-09-07T09:08:18.694Z - POST /api/activity
[Mobile Activity] {"time":"2026-09-07T09:08:18.696Z","event":"api_response","method":"GET","url":"http://192.168.10.161:5001/api/employees/dashboard","status":200,"message":"Mobile API request completed","userEmail":"parth123@gmail.com","userRole":"EMPLOYEE"}
prisma:query INSERT INTO "public"."ActivityLog" ("id","event","method","url","status","message","userEmail","userRole","createdAt") VALUES ($1,$2,$3,$4,$5,$6,$7,$8,$9) RETURNING "public"."ActivityLog"."id", "public"."ActivityLog"."event", "public"."ActivityLog"."screen", "public"."ActivityLog"."action", "public"."ActivityLog"."method", "public"."ActivityLog"."url", "public"."ActivityLog"."status", "public"."ActivityLog"."message", "public"."ActivityLog"."userEmail", "public"."ActivityLog"."userRole", "public"."ActivityLog"."metadata", "public"."ActivityLog"."createdAt"
[Socket] User disconnected: 41065189-8bb6-43cd-82a8-720800763a88
[API Request] 2026-09-07T09:10:11.007Z - POST /api/activity
[Mobile Activity] {"time":"2026-09-07T09:10:11.007Z","event":"login_attempt","screen":"Login","action":"Sign In","message":"Login attempt started","metadata":{"email":"parth123@gmail.com"}}
[API Request] 2026-09-07T09:10:11.031Z - POST /api/auth/login
[API Request] 2026-09-07T09:10:11.033Z - POST /api/activity
[Mobile Activity] {"time":"2026-09-07T09:10:11.033Z","event":"api_request","method":"POST","url":"http://192.168.10.161:5001/api/auth/login","message":"Mobile API request started"}
prisma:query INSERT INTO "public"."ActivityLog" ("id","event","screen","action","status","message","metadata","createdAt") VALUES ($1,$2,$3,$4,$5,$6,$7,$8) RETURNING "public"."ActivityLog"."id", "public"."ActivityLog"."event", "public"."ActivityLog"."screen", "public"."ActivityLog"."action", "public"."ActivityLog"."method", "public"."ActivityLog"."url", "public"."ActivityLog"."status", "public"."ActivityLog"."message", "public"."ActivityLog"."userEmail", "public"."ActivityLog"."userRole", "public"."ActivityLog"."metadata", "public"."ActivityLog"."createdAt"
prisma:query INSERT INTO "public"."ActivityLog" ("id","event","method","url","status","message","createdAt") VALUES ($1,$2,$3,$4,$5,$6,$7) RETURNING "public"."ActivityLog"."id", "public"."ActivityLog"."event", "public"."ActivityLog"."screen", "public"."ActivityLog"."action", "public"."ActivityLog"."method", "public"."ActivityLog"."url", "public"."ActivityLog"."status", "public"."ActivityLog"."message", "public"."ActivityLog"."userEmail", "public"."ActivityLog"."userRole", "public"."ActivityLog"."metadata", "public"."ActivityLog"."createdAt"
prisma:query SELECT "public"."User"."id", "public"."User"."employeeId", "public"."User"."name", "public"."User"."phone", "public"."User"."email", "public"."User"."passwordHash", "public"."User"."role"::text, "public"."User"."department", "public"."User"."designation", "public"."User"."status", "public"."User"."createdAt" FROM "public"."User" WHERE ("public"."User"."email" = $1 AND 1=1) LIMIT $2 OFFSET $3
[API Request] 2026-09-07T09:10:11.217Z - POST /api/activity
[Mobile Activity] {"time":"2026-09-07T09:10:11.217Z","event":"api_response","method":"POST","url":"http://192.168.10.161:5001/api/auth/login","status":200,"message":"Mobile API request completed"}
prisma:query INSERT INTO "public"."ActivityLog" ("id","event","method","url","status","message","createdAt") VALUES ($1,$2,$3,$4,$5,$6,$7) RETURNING "public"."ActivityLog"."id", "public"."ActivityLog"."event", "public"."ActivityLog"."screen", "public"."ActivityLog"."action", "public"."ActivityLog"."method", "public"."ActivityLog"."url", "public"."ActivityLog"."status", "public"."ActivityLog"."message", "public"."ActivityLog"."userEmail", "public"."ActivityLog"."userRole", "public"."ActivityLog"."metadata", "public"."ActivityLog"."createdAt"
[API Request] 2026-09-07T09:10:11.894Z - POST /api/activity
[Mobile Activity] {"time":"2026-09-07T09:10:11.894Z","event":"login_success","screen":"Login","action":"Sign In","message":"Login successful","userEmail":"parth123@gmail.com","userRole":"EMPLOYEE","metadata":{"email":"parth123@gmail.com","role":"EMPLOYEE"}}
prisma:query INSERT INTO "public"."ActivityLog" ("id","event","screen","action","status","message","userEmail","userRole","metadata","createdAt") VALUES ($1,$2,$3,$4,$5,$6,$7,$8,$9,$10) RETURNING "public"."ActivityLog"."id", "public"."ActivityLog"."event", "public"."ActivityLog"."screen", "public"."ActivityLog"."action", "public"."ActivityLog"."method", "public"."ActivityLog"."url", "public"."ActivityLog"."status", "public"."ActivityLog"."message", "public"."ActivityLog"."userEmail", "public"."ActivityLog"."userRole", "public"."ActivityLog"."metadata", "public"."ActivityLog"."createdAt"
[API Request] 2026-09-07T09:10:11.904Z - POST /api/activity
[Mobile Activity] {"time":"2026-09-07T09:10:11.905Z","event":"api_request","method":"GET","url":"http://192.168.10.161:5001/api/employees/dashboard","message":"Mobile API request started","userEmail":"parth123@gmail.com","userRole":"EMPLOYEE"}
[API Request] 2026-09-07T09:10:11.906Z - POST /api/activity
[Mobile Activity] {"time":"2026-09-07T09:10:11.907Z","event":"api_request","method":"GET","url":"http://192.168.10.161:5001/api/notifications","message":"Mobile API request started","userEmail":"parth123@gmail.com","userRole":"EMPLOYEE"}
prisma:query INSERT INTO "public"."ActivityLog" ("id","event","method","url","status","message","userEmail","userRole","createdAt") VALUES ($1,$2,$3,$4,$5,$6,$7,$8,$9) RETURNING "public"."ActivityLog"."id", "public"."ActivityLog"."event", "public"."ActivityLog"."screen", "public"."ActivityLog"."action", "public"."ActivityLog"."method", "public"."ActivityLog"."url", "public"."ActivityLog"."status", "public"."ActivityLog"."message", "public"."ActivityLog"."userEmail", "public"."ActivityLog"."userRole", "public"."ActivityLog"."metadata", "public"."ActivityLog"."createdAt"
[Socket] User connected: 41065189-8bb6-43cd-82a8-720800763a88
prisma:query INSERT INTO "public"."ActivityLog" ("id","event","method","url","status","message","userEmail","userRole","createdAt") VALUES ($1,$2,$3,$4,$5,$6,$7,$8,$9) RETURNING "public"."ActivityLog"."id", "public"."ActivityLog"."event", "public"."ActivityLog"."screen", "public"."ActivityLog"."action", "public"."ActivityLog"."method", "public"."ActivityLog"."url", "public"."ActivityLog"."status", "public"."ActivityLog"."message", "public"."ActivityLog"."userEmail", "public"."ActivityLog"."userRole", "public"."ActivityLog"."metadata", "public"."ActivityLog"."createdAt"
[API Request] 2026-09-07T09:10:11.929Z - GET /api/notifications
[API Request] 2026-09-07T09:10:11.934Z - GET /api/employees/dashboard
prisma:query SELECT "public"."Notification"."id", "public"."Notification"."recipientId", "public"."Notification"."recipientRole", "public"."Notification"."type", "public"."Notification"."title", "public"."Notification"."message", "public"."Notification"."visitorId", "public"."Notification"."visitId", "public"."Notification"."targetScreen", "public"."Notification"."data", "public"."Notification"."isRead", "public"."Notification"."createdAt", "public"."Notification"."updatedAt" FROM "public"."Notification" WHERE "public"."Notification"."recipientId" = $1 ORDER BY "public"."Notification"."createdAt" DESC LIMIT $2 OFFSET $3
prisma:query SELECT "public"."Visit"."id", "public"."Visit"."visitorId" FROM "public"."Visit" WHERE "public"."Visit"."hostId" = $1 OFFSET $2
prisma:query SELECT COUNT(*) AS "_count$_all" FROM (SELECT "public"."Visit"."id" FROM "public"."Visit" WHERE "public"."Visit"."hostId" = $1 OFFSET $2) AS "sub"
prisma:query SELECT COUNT(*) AS "_count$_all" FROM (SELECT "public"."Visit"."id" FROM "public"."Visit" WHERE ("public"."Visit"."hostId" = $1 AND "public"."Visit"."scheduledAt" >= $2 AND "public"."Visit"."scheduledAt" <= $3 AND "public"."Visit"."status" IN (CAST($4::text AS "public"."VisitStatus"),CAST($5::text AS "public"."VisitStatus"))) OFFSET $6) AS "sub"
prisma:query SELECT COUNT(*) AS "_count$_all" FROM (SELECT "public"."Visit"."id" FROM "public"."Visit" WHERE ("public"."Visit"."hostId" = $1 AND "public"."Visit"."status" = CAST($2::text AS "public"."VisitStatus") AND "public"."Visit"."checkInAt" IS NOT NULL AND "public"."Visit"."checkOutAt" IS NULL) OFFSET $3) AS "sub"
prisma:query SELECT COUNT(*) AS "_count$_all" FROM (SELECT "public"."Visit"."id" FROM "public"."Visit" WHERE "public"."Visit"."hostId" = $1 OFFSET $2) AS "sub"
[API Request] 2026-09-07T09:10:12.043Z - POST /api/activity
[Mobile Activity] {"time":"2026-09-07T09:10:12.044Z","event":"api_response","method":"GET","url":"http://192.168.10.161:5001/api/employees/dashboard","status":200,"message":"Mobile API request completed","userEmail":"parth123@gmail.com","userRole":"EMPLOYEE"}
[API Request] 2026-09-07T09:10:12.048Z - POST /api/activity
[Mobile Activity] {"time":"2026-09-07T09:10:12.049Z","event":"api_response","method":"GET","url":"http://192.168.10.161:5001/api/notifications","status":200,"message":"Mobile API request completed","userEmail":"parth123@gmail.com","userRole":"EMPLOYEE"}
prisma:query INSERT INTO "public"."ActivityLog" ("id","event","method","url","status","message","userEmail","userRole","createdAt") VALUES ($1,$2,$3,$4,$5,$6,$7,$8,$9) RETURNING "public"."ActivityLog"."id", "public"."ActivityLog"."event", "public"."ActivityLog"."screen", "public"."ActivityLog"."action", "public"."ActivityLog"."method", "public"."ActivityLog"."url", "public"."ActivityLog"."status", "public"."ActivityLog"."message", "public"."ActivityLog"."userEmail", "public"."ActivityLog"."userRole", "public"."ActivityLog"."metadata", "public"."ActivityLog"."createdAt"
prisma:query INSERT INTO "public"."ActivityLog" ("id","event","method","url","status","message","userEmail","userRole","createdAt") VALUES ($1,$2,$3,$4,$5,$6,$7,$8,$9) RETURNING "public"."ActivityLog"."id", "public"."ActivityLog"."event", "public"."ActivityLog"."screen", "public"."ActivityLog"."action", "public"."ActivityLog"."method", "public"."ActivityLog"."url", "public"."ActivityLog"."status", "public"."ActivityLog"."message", "public"."ActivityLog"."userEmail", "public"."ActivityLog"."userRole", "public"."ActivityLog"."metadata", "public"."ActivityLog"."createdAt"
[Socket] User disconnected: 41065189-8bb6-43cd-82a8-720800763a88
[API Request] 2026-09-07T09:10:27.245Z - POST /api/activity
[Mobile Activity] {"time":"2026-09-07T09:10:27.247Z","event":"login_attempt","screen":"Login","action":"Sign In","message":"Login attempt started","metadata":{"email":"keval@swatiswitchgears.com"}}
[API Request] 2026-09-07T09:10:27.310Z - POST /api/activity
[Mobile Activity] {"time":"2026-09-07T09:10:27.311Z","event":"api_request","method":"POST","url":"http://192.168.10.161:5001/api/auth/login","message":"Mobile API request started"}
[API Request] 2026-09-07T09:10:27.318Z - POST /api/auth/login
prisma:query INSERT INTO "public"."ActivityLog" ("id","event","screen","action","status","message","metadata","createdAt") VALUES ($1,$2,$3,$4,$5,$6,$7,$8) RETURNING "public"."ActivityLog"."id", "public"."ActivityLog"."event", "public"."ActivityLog"."screen", "public"."ActivityLog"."action", "public"."ActivityLog"."method", "public"."ActivityLog"."url", "public"."ActivityLog"."status", "public"."ActivityLog"."message", "public"."ActivityLog"."userEmail", "public"."ActivityLog"."userRole", "public"."ActivityLog"."metadata", "public"."ActivityLog"."createdAt"
prisma:query INSERT INTO "public"."ActivityLog" ("id","event","method","url","status","message","createdAt") VALUES ($1,$2,$3,$4,$5,$6,$7) RETURNING "public"."ActivityLog"."id", "public"."ActivityLog"."event", "public"."ActivityLog"."screen", "public"."ActivityLog"."action", "public"."ActivityLog"."method", "public"."ActivityLog"."url", "public"."ActivityLog"."status", "public"."ActivityLog"."message", "public"."ActivityLog"."userEmail", "public"."ActivityLog"."userRole", "public"."ActivityLog"."metadata", "public"."ActivityLog"."createdAt"
prisma:query SELECT "public"."User"."id", "public"."User"."employeeId", "public"."User"."name", "public"."User"."phone", "public"."User"."email", "public"."User"."passwordHash", "public"."User"."role"::text, "public"."User"."department", "public"."User"."designation", "public"."User"."status", "public"."User"."createdAt" FROM "public"."User" WHERE ("public"."User"."email" = $1 AND 1=1) LIMIT $2 OFFSET $3
[API Request] 2026-09-07T09:10:27.459Z - POST /api/activity
[Mobile Activity] {"time":"2026-09-07T09:10:27.473Z","event":"api_response","method":"POST","url":"http://192.168.10.161:5001/api/auth/login","status":200,"message":"Mobile API request completed"}
prisma:query INSERT INTO "public"."ActivityLog" ("id","event","method","url","status","message","createdAt") VALUES ($1,$2,$3,$4,$5,$6,$7) RETURNING "public"."ActivityLog"."id", "public"."ActivityLog"."event", "public"."ActivityLog"."screen", "public"."ActivityLog"."action", "public"."ActivityLog"."method", "public"."ActivityLog"."url", "public"."ActivityLog"."status", "public"."ActivityLog"."message", "public"."ActivityLog"."userEmail", "public"."ActivityLog"."userRole", "public"."ActivityLog"."metadata", "public"."ActivityLog"."createdAt"
[API Request] 2026-09-07T09:10:27.971Z - POST /api/activity
[Mobile Activity] {"time":"2026-09-07T09:10:27.971Z","event":"login_success","screen":"Login","action":"Sign In","message":"Login successful","userEmail":"keval@swatiswitchgears.com","userRole":"SUPER_ADMIN","metadata":{"email":"keval@swatiswitchgears.com","role":"SUPER_ADMIN"}}
[API Request] 2026-09-07T09:10:27.973Z - POST /api/activity
[Mobile Activity] {"time":"2026-09-07T09:10:27.974Z","event":"api_request","method":"GET","url":"http://192.168.10.161:5001/api/notifications","message":"Mobile API request started","userEmail":"keval@swatiswitchgears.com","userRole":"SUPER_ADMIN"}
prisma:query INSERT INTO "public"."ActivityLog" ("id","event","screen","action","status","message","userEmail","userRole","metadata","createdAt") VALUES ($1,$2,$3,$4,$5,$6,$7,$8,$9,$10) RETURNING "public"."ActivityLog"."id", "public"."ActivityLog"."event", "public"."ActivityLog"."screen", "public"."ActivityLog"."action", "public"."ActivityLog"."method", "public"."ActivityLog"."url", "public"."ActivityLog"."status", "public"."ActivityLog"."message", "public"."ActivityLog"."userEmail", "public"."ActivityLog"."userRole", "public"."ActivityLog"."metadata", "public"."ActivityLog"."createdAt"
[API Request] 2026-09-07T09:10:27.978Z - POST /api/activity
[Mobile Activity] {"time":"2026-09-07T09:10:27.979Z","event":"api_request","method":"GET","url":"http://192.168.10.161:5001/api/admin/dashboard","message":"Mobile API request started","userEmail":"keval@swatiswitchgears.com","userRole":"SUPER_ADMIN"}
prisma:query INSERT INTO "public"."ActivityLog" ("id","event","method","url","status","message","userEmail","userRole","createdAt") VALUES ($1,$2,$3,$4,$5,$6,$7,$8,$9) RETURNING "public"."ActivityLog"."id", "public"."ActivityLog"."event", "public"."ActivityLog"."screen", "public"."ActivityLog"."action", "public"."ActivityLog"."method", "public"."ActivityLog"."url", "public"."ActivityLog"."status", "public"."ActivityLog"."message", "public"."ActivityLog"."userEmail", "public"."ActivityLog"."userRole", "public"."ActivityLog"."metadata", "public"."ActivityLog"."createdAt"
prisma:query INSERT INTO "public"."ActivityLog" ("id","event","method","url","status","message","userEmail","userRole","createdAt") VALUES ($1,$2,$3,$4,$5,$6,$7,$8,$9) RETURNING "public"."ActivityLog"."id", "public"."ActivityLog"."event", "public"."ActivityLog"."screen", "public"."ActivityLog"."action", "public"."ActivityLog"."method", "public"."ActivityLog"."url", "public"."ActivityLog"."status", "public"."ActivityLog"."message", "public"."ActivityLog"."userEmail", "public"."ActivityLog"."userRole", "public"."ActivityLog"."metadata", "public"."ActivityLog"."createdAt"
[API Request] 2026-09-07T09:10:27.987Z - GET /api/notifications
[API Request] 2026-09-07T09:10:27.988Z - GET /api/admin/dashboard
[Socket] User connected: 9c3ac234-21bb-4d9e-a324-da5b1a604490
prisma:query SELECT "public"."Notification"."id", "public"."Notification"."recipientId", "public"."Notification"."recipientRole", "public"."Notification"."type", "public"."Notification"."title", "public"."Notification"."message", "public"."Notification"."visitorId", "public"."Notification"."visitId", "public"."Notification"."targetScreen", "public"."Notification"."data", "public"."Notification"."isRead", "public"."Notification"."createdAt", "public"."Notification"."updatedAt" FROM "public"."Notification" WHERE "public"."Notification"."recipientId" = $1 ORDER BY "public"."Notification"."createdAt" DESC LIMIT $2 OFFSET $3
prisma:query SELECT COUNT(*) AS "_count$_all" FROM (SELECT "public"."NewAppointment"."id" FROM "public"."NewAppointment" WHERE "public"."NewAppointment"."status" = $1 OFFSET $2) AS "sub"
prisma:query SELECT COUNT(*) AS "_count$_all" FROM (SELECT "public"."NewAppointment"."id" FROM "public"."NewAppointment" WHERE 1=1 OFFSET $1) AS "sub"
prisma:query SELECT COUNT(*) AS "_count$_all" FROM (SELECT "public"."Visit"."id" FROM "public"."Visit" WHERE ("public"."Visit"."status" = CAST($1::text AS "public"."VisitStatus") AND "public"."Visit"."checkInAt" IS NOT NULL AND "public"."Visit"."checkOutAt" IS NULL) OFFSET $2) AS "sub"
prisma:query SELECT COUNT(*) AS "_count$_all" FROM (SELECT "public"."NewAppointment"."id" FROM "public"."NewAppointment" WHERE "public"."NewAppointment"."visitDate" = $1 OFFSET $2) AS "sub"
prisma:query SELECT COUNT(*) AS "_count$_all" FROM (SELECT "public"."User"."id" FROM "public"."User" WHERE ("public"."User"."role" = CAST($1::text AS "public"."Role") AND "public"."User"."status" = $2) OFFSET $3) AS "sub"
prisma:query SELECT "public"."User"."id", "public"."User"."name" FROM "public"."User" WHERE ("public"."User"."id" = $1 AND 1=1) LIMIT $2 OFFSET $3
[API Request] 2026-09-07T09:10:28.085Z - POST /api/activity
[Mobile Activity] {"time":"2026-09-07T09:10:28.086Z","event":"api_response","method":"GET","url":"http://192.168.10.161:5001/api/notifications","status":200,"message":"Mobile API request completed","userEmail":"keval@swatiswitchgears.com","userRole":"SUPER_ADMIN"}
prisma:query INSERT INTO "public"."ActivityLog" ("id","event","method","url","status","message","userEmail","userRole","createdAt") VALUES ($1,$2,$3,$4,$5,$6,$7,$8,$9) RETURNING "public"."ActivityLog"."id", "public"."ActivityLog"."event", "public"."ActivityLog"."screen", "public"."ActivityLog"."action", "public"."ActivityLog"."method", "public"."ActivityLog"."url", "public"."ActivityLog"."status", "public"."ActivityLog"."message", "public"."ActivityLog"."userEmail", "public"."ActivityLog"."userRole", "public"."ActivityLog"."metadata", "public"."ActivityLog"."createdAt"
prisma:query SELECT COUNT("public"."User"."id") AS "_count$id", "public"."User"."department" FROM "public"."User" WHERE ("public"."User"."role" = CAST($1::text AS "public"."Role") AND "public"."User"."status" = $2 AND "public"."User"."department" IS NOT NULL) GROUP BY "public"."User"."department" OFFSET $3
[API Request] 2026-09-07T09:10:28.210Z - POST /api/activity
[Mobile Activity] {"time":"2026-09-07T09:10:28.212Z","event":"api_response","method":"GET","url":"http://192.168.10.161:5001/api/admin/dashboard","status":200,"message":"Mobile API request completed","userEmail":"keval@swatiswitchgears.com","userRole":"SUPER_ADMIN"}
prisma:query INSERT INTO "public"."ActivityLog" ("id","event","method","url","status","message","userEmail","userRole","createdAt") VALUES ($1,$2,$3,$4,$5,$6,$7,$8,$9) RETURNING "public"."ActivityLog"."id", "public"."ActivityLog"."event", "public"."ActivityLog"."screen", "public"."ActivityLog"."action", "public"."ActivityLog"."method", "public"."ActivityLog"."url", "public"."ActivityLog"."status", "public"."ActivityLog"."message", "public"."ActivityLog"."userEmail", "public"."ActivityLog"."userRole", "public"."ActivityLog"."metadata", "public"."ActivityLog"."createdAt"
[API Request] 2026-09-07T09:10:30.128Z - POST /api/activity
[Mobile Activity] {"time":"2026-09-07T09:10:30.130Z","event":"api_request","method":"GET","url":"http://192.168.10.161:5001/api/employees","message":"Mobile API request started","userEmail":"keval@swatiswitchgears.com","userRole":"SUPER_ADMIN"}
prisma:query INSERT INTO "public"."ActivityLog" ("id","event","method","url","status","message","userEmail","userRole","createdAt") VALUES ($1,$2,$3,$4,$5,$6,$7,$8,$9) RETURNING "public"."ActivityLog"."id", "public"."ActivityLog"."event", "public"."ActivityLog"."screen", "public"."ActivityLog"."action", "public"."ActivityLog"."method", "public"."ActivityLog"."url", "public"."ActivityLog"."status", "public"."ActivityLog"."message", "public"."ActivityLog"."userEmail", "public"."ActivityLog"."userRole", "public"."ActivityLog"."metadata", "public"."ActivityLog"."createdAt"
[API Request] 2026-09-07T09:10:30.146Z - GET /api/employees
prisma:query SELECT "public"."User"."id", "public"."User"."employeeId", "public"."User"."name", "public"."User"."email", "public"."User"."phone", "public"."User"."department", "public"."User"."designation", "public"."User"."status" FROM "public"."User" WHERE "public"."User"."role" = CAST($1::text AS "public"."Role") ORDER BY "public"."User"."name" ASC OFFSET $2
[API Request] 2026-09-07T09:10:30.200Z - POST /api/activity
[Mobile Activity] {"time":"2026-09-07T09:10:30.202Z","event":"api_response","method":"GET","url":"http://192.168.10.161:5001/api/employees","status":200,"message":"Mobile API request completed","userEmail":"keval@swatiswitchgears.com","userRole":"SUPER_ADMIN"}
prisma:query INSERT INTO "public"."ActivityLog" ("id","event","method","url","status","message","userEmail","userRole","createdAt") VALUES ($1,$2,$3,$4,$5,$6,$7,$8,$9) RETURNING "public"."ActivityLog"."id", "public"."ActivityLog"."event", "public"."ActivityLog"."screen", "public"."ActivityLog"."action", "public"."ActivityLog"."method", "public"."ActivityLog"."url", "public"."ActivityLog"."status", "public"."ActivityLog"."message", "public"."ActivityLog"."userEmail", "public"."ActivityLog"."userRole", "public"."ActivityLog"."metadata", "public"."ActivityLog"."createdAt"
[Socket] User disconnected: 9c3ac234-21bb-4d9e-a324-da5b1a604490
2:45:30 pm [tsx] change in ./src\controllers\auth.controller.ts Restarting...
◇ injected env (3) from .env // tip: ◈ secrets for agents [www.dotenvx.com]
[server]: Server is running at http://0.0.0.0:5001
2:45:38 pm [tsx] change in ./src\routes\auth.ts Restarting...
◇ injected env (3) from .env // tip: ⌘ custom filepath { path: '/custom/path/.env' }
[server]: Server is running at http://0.0.0.0:5001
2:46:12 pm [tsx] change in ./..\node_modules\.prisma\client\query_compiler_fast_bg.wasm-base64.js Restarting...
◇ injected env (3) from .env // tip: ⌁ auth for agents [www.vestauth.com]
[server]: Server is running at http://0.0.0.0:5001
[API Request] 2026-09-07T09:16:22.982Z - GET /api/auth/preview?email=parth123%40gmail.com
prisma:query SELECT "public"."User"."id", "public"."User"."name", "public"."User"."role"::text, "public"."User"."status" FROM "public"."User" WHERE ("public"."User"."email" = $1 AND 1=1) LIMIT $2 OFFSET $3
[API Request] 2026-09-07T09:16:48.223Z - POST /api/activity
[Mobile Activity] {"time":"2026-09-07T09:16:48.224Z","event":"api_request","method":"GET","url":"http://192.168.10.161:5001/api/notifications","message":"Mobile API request started","userEmail":"keval@swatiswitchgears.com","userRole":"SUPER_ADMIN"}
[API Request] 2026-09-07T09:16:48.244Z - POST /api/activity
[Mobile Activity] {"time":"2026-09-07T09:16:48.245Z","event":"api_request","method":"GET","url":"http://192.168.10.161:5001/api/admin/dashboard","message":"Mobile API request started","userEmail":"keval@swatiswitchgears.com","userRole":"SUPER_ADMIN"}
[API Request] 2026-09-07T09:16:48.250Z - GET /api/admin/dashboard
[API Request] 2026-09-07T09:16:48.294Z - GET /api/notifications
prisma:query INSERT INTO "public"."ActivityLog" ("id","event","method","url","status","message","userEmail","userRole","createdAt") VALUES ($1,$2,$3,$4,$5,$6,$7,$8,$9) RETURNING "public"."ActivityLog"."id", "public"."ActivityLog"."event", "public"."ActivityLog"."screen", "public"."ActivityLog"."action", "public"."ActivityLog"."method", "public"."ActivityLog"."url", "public"."ActivityLog"."status", "public"."ActivityLog"."message", "public"."ActivityLog"."userEmail", "public"."ActivityLog"."userRole", "public"."ActivityLog"."metadata", "public"."ActivityLog"."createdAt"
[Socket] User connected: 9c3ac234-21bb-4d9e-a324-da5b1a604490
prisma:query SELECT COUNT(*) AS "_count$_all" FROM (SELECT "public"."Visit"."id" FROM "public"."Visit" WHERE ("public"."Visit"."status" = CAST($1::text AS "public"."VisitStatus") AND "public"."Visit"."checkInAt" IS NOT NULL AND "public"."Visit"."checkOutAt" IS NULL) OFFSET $2) AS "sub"
prisma:query SELECT COUNT(*) AS "_count$_all" FROM (SELECT "public"."NewAppointment"."id" FROM "public"."NewAppointment" WHERE 1=1 OFFSET $1) AS "sub"
prisma:query INSERT INTO "public"."ActivityLog" ("id","event","method","url","status","message","userEmail","userRole","createdAt") VALUES ($1,$2,$3,$4,$5,$6,$7,$8,$9) RETURNING "public"."ActivityLog"."id", "public"."ActivityLog"."event", "public"."ActivityLog"."screen", "public"."ActivityLog"."action", "public"."ActivityLog"."method", "public"."ActivityLog"."url", "public"."ActivityLog"."status", "public"."ActivityLog"."message", "public"."ActivityLog"."userEmail", "public"."ActivityLog"."userRole", "public"."ActivityLog"."metadata", "public"."ActivityLog"."createdAt"
prisma:query SELECT COUNT(*) AS "_count$_all" FROM (SELECT "public"."NewAppointment"."id" FROM "public"."NewAppointment" WHERE "public"."NewAppointment"."status" = $1 OFFSET $2) AS "sub"
prisma:query SELECT COUNT(*) AS "_count$_all" FROM (SELECT "public"."NewAppointment"."id" FROM "public"."NewAppointment" WHERE "public"."NewAppointment"."visitDate" = $1 OFFSET $2) AS "sub"
prisma:query SELECT COUNT(*) AS "_count$_all" FROM (SELECT "public"."User"."id" FROM "public"."User" WHERE ("public"."User"."role" = CAST($1::text AS "public"."Role") AND "public"."User"."status" = $2) OFFSET $3) AS "sub"
prisma:query SELECT "public"."User"."id", "public"."User"."name" FROM "public"."User" WHERE ("public"."User"."id" = $1 AND 1=1) LIMIT $2 OFFSET $3
prisma:query SELECT COUNT("public"."User"."id") AS "_count$id", "public"."User"."department" FROM "public"."User" WHERE ("public"."User"."role" = CAST($1::text AS "public"."Role") AND "public"."User"."status" = $2 AND "public"."User"."department" IS NOT NULL) GROUP BY "public"."User"."department" OFFSET $3
prisma:query SELECT "public"."Notification"."id", "public"."Notification"."recipientId", "public"."Notification"."recipientRole", "public"."Notification"."type", "public"."Notification"."title", "public"."Notification"."message", "public"."Notification"."visitorId", "public"."Notification"."visitId", "public"."Notification"."targetScreen", "public"."Notification"."data", "public"."Notification"."isRead", "public"."Notification"."createdAt", "public"."Notification"."updatedAt" FROM "public"."Notification" WHERE "public"."Notification"."recipientId" = $1 ORDER BY "public"."Notification"."createdAt" DESC LIMIT $2 OFFSET $3
[API Request] 2026-09-07T09:16:48.483Z - POST /api/activity
[Mobile Activity] {"time":"2026-09-07T09:16:48.484Z","event":"api_response","method":"GET","url":"http://192.168.10.161:5001/api/admin/dashboard","status":200,"message":"Mobile API request completed","userEmail":"keval@swatiswitchgears.com","userRole":"SUPER_ADMIN"}
prisma:query INSERT INTO "public"."ActivityLog" ("id","event","method","url","status","message","userEmail","userRole","createdAt") VALUES ($1,$2,$3,$4,$5,$6,$7,$8,$9) RETURNING "public"."ActivityLog"."id", "public"."ActivityLog"."event", "public"."ActivityLog"."screen", "public"."ActivityLog"."action", "public"."ActivityLog"."method", "public"."ActivityLog"."url", "public"."ActivityLog"."status", "public"."ActivityLog"."message", "public"."ActivityLog"."userEmail", "public"."ActivityLog"."userRole", "public"."ActivityLog"."metadata", "public"."ActivityLog"."createdAt"
[API Request] 2026-09-07T09:16:48.636Z - POST /api/activity
[Mobile Activity] {"time":"2026-09-07T09:16:48.636Z","event":"api_response","method":"GET","url":"http://192.168.10.161:5001/api/notifications","status":200,"message":"Mobile API request completed","userEmail":"keval@swatiswitchgears.com","userRole":"SUPER_ADMIN"}
prisma:query INSERT INTO "public"."ActivityLog" ("id","event","method","url","status","message","userEmail","userRole","createdAt") VALUES ($1,$2,$3,$4,$5,$6,$7,$8,$9) RETURNING "public"."ActivityLog"."id", "public"."ActivityLog"."event", "public"."ActivityLog"."screen", "public"."ActivityLog"."action", "public"."ActivityLog"."method", "public"."ActivityLog"."url", "public"."ActivityLog"."status", "public"."ActivityLog"."message", "public"."ActivityLog"."userEmail", "public"."ActivityLog"."userRole", "public"."ActivityLog"."metadata", "public"."ActivityLog"."createdAt"
[Socket] User disconnected: 9c3ac234-21bb-4d9e-a324-da5b1a604490
[API Request] 2026-09-07T09:19:00.020Z - POST /api/activity
[Mobile Activity] {"time":"2026-09-07T09:19:00.050Z","event":"api_request","method":"GET","url":"http://192.168.10.161:5001/api/auth/preview","message":"Mobile API request started"}
[API Request] 2026-09-07T09:19:00.059Z - GET /api/auth/preview?email=parth%40
prisma:query INSERT INTO "public"."ActivityLog" ("id","event","method","url","status","message","createdAt") VALUES ($1,$2,$3,$4,$5,$6,$7) RETURNING "public"."ActivityLog"."id", "public"."ActivityLog"."event", "public"."ActivityLog"."screen", "public"."ActivityLog"."action", "public"."ActivityLog"."method", "public"."ActivityLog"."url", "public"."ActivityLog"."status", "public"."ActivityLog"."message", "public"."ActivityLog"."userEmail", "public"."ActivityLog"."userRole", "public"."ActivityLog"."metadata", "public"."ActivityLog"."createdAt"
prisma:query SELECT "public"."User"."id", "public"."User"."name", "public"."User"."role"::text, "public"."User"."status" FROM "public"."User" WHERE ("public"."User"."email" = $1 AND 1=1) LIMIT $2 OFFSET $3
[API Request] 2026-09-07T09:19:00.177Z - POST /api/activity
[Mobile Activity] {"time":"2026-09-07T09:19:00.186Z","event":"api_response","method":"GET","url":"http://192.168.10.161:5001/api/auth/preview","status":200,"message":"Mobile API request completed"}
prisma:query INSERT INTO "public"."ActivityLog" ("id","event","method","url","status","message","createdAt") VALUES ($1,$2,$3,$4,$5,$6,$7) RETURNING "public"."ActivityLog"."id", "public"."ActivityLog"."event", "public"."ActivityLog"."screen", "public"."ActivityLog"."action", "public"."ActivityLog"."method", "public"."ActivityLog"."url", "public"."ActivityLog"."status", "public"."ActivityLog"."message", "public"."ActivityLog"."userEmail", "public"."ActivityLog"."userRole", "public"."ActivityLog"."metadata", "public"."ActivityLog"."createdAt"
[API Request] 2026-09-07T09:19:01.217Z - POST /api/activity
[Mobile Activity] {"time":"2026-09-07T09:19:01.219Z","event":"api_request","method":"GET","url":"http://192.168.10.161:5001/api/auth/preview","message":"Mobile API request started"}
[API Request] 2026-09-07T09:19:01.221Z - GET /api/auth/preview?email=parth%40123
prisma:query INSERT INTO "public"."ActivityLog" ("id","event","method","url","status","message","createdAt") VALUES ($1,$2,$3,$4,$5,$6,$7) RETURNING "public"."ActivityLog"."id", "public"."ActivityLog"."event", "public"."ActivityLog"."screen", "public"."ActivityLog"."action", "public"."ActivityLog"."method", "public"."ActivityLog"."url", "public"."ActivityLog"."status", "public"."ActivityLog"."message", "public"."ActivityLog"."userEmail", "public"."ActivityLog"."userRole", "public"."ActivityLog"."metadata", "public"."ActivityLog"."createdAt"
prisma:query SELECT "public"."User"."id", "public"."User"."name", "public"."User"."role"::text, "public"."User"."status" FROM "public"."User" WHERE ("public"."User"."email" = $1 AND 1=1) LIMIT $2 OFFSET $3
[API Request] 2026-09-07T09:19:01.254Z - POST /api/activity
[Mobile Activity] {"time":"2026-09-07T09:19:01.255Z","event":"api_response","method":"GET","url":"http://192.168.10.161:5001/api/auth/preview","status":200,"message":"Mobile API request completed"}
prisma:query INSERT INTO "public"."ActivityLog" ("id","event","method","url","status","message","createdAt") VALUES ($1,$2,$3,$4,$5,$6,$7) RETURNING "public"."ActivityLog"."id", "public"."ActivityLog"."event", "public"."ActivityLog"."screen", "public"."ActivityLog"."action", "public"."ActivityLog"."method", "public"."ActivityLog"."url", "public"."ActivityLog"."status", "public"."ActivityLog"."message", "public"."ActivityLog"."userEmail", "public"."ActivityLog"."userRole", "public"."ActivityLog"."metadata", "public"."ActivityLog"."createdAt"
[API Request] 2026-09-07T09:19:02.691Z - POST /api/activity
[Mobile Activity] {"time":"2026-09-07T09:19:02.739Z","event":"api_request","method":"GET","url":"http://192.168.10.161:5001/api/auth/preview","message":"Mobile API request started"}
[API Request] 2026-09-07T09:19:02.746Z - GET /api/auth/preview?email=parth%40123%40
prisma:query INSERT INTO "public"."ActivityLog" ("id","event","method","url","status","message","createdAt") VALUES ($1,$2,$3,$4,$5,$6,$7) RETURNING "public"."ActivityLog"."id", "public"."ActivityLog"."event", "public"."ActivityLog"."screen", "public"."ActivityLog"."action", "public"."ActivityLog"."method", "public"."ActivityLog"."url", "public"."ActivityLog"."status", "public"."ActivityLog"."message", "public"."ActivityLog"."userEmail", "public"."ActivityLog"."userRole", "public"."ActivityLog"."metadata", "public"."ActivityLog"."createdAt"
prisma:query SELECT "public"."User"."id", "public"."User"."name", "public"."User"."role"::text, "public"."User"."status" FROM "public"."User" WHERE ("public"."User"."email" = $1 AND 1=1) LIMIT $2 OFFSET $3
[API Request] 2026-09-07T09:19:02.779Z - POST /api/activity
[Mobile Activity] {"time":"2026-09-07T09:19:02.780Z","event":"api_response","method":"GET","url":"http://192.168.10.161:5001/api/auth/preview","status":200,"message":"Mobile API request completed"}
prisma:query INSERT INTO "public"."ActivityLog" ("id","event","method","url","status","message","createdAt") VALUES ($1,$2,$3,$4,$5,$6,$7) RETURNING "public"."ActivityLog"."id", "public"."ActivityLog"."event", "public"."ActivityLog"."screen", "public"."ActivityLog"."action", "public"."ActivityLog"."method", "public"."ActivityLog"."url", "public"."ActivityLog"."status", "public"."ActivityLog"."message", "public"."ActivityLog"."userEmail", "public"."ActivityLog"."userRole", "public"."ActivityLog"."metadata", "public"."ActivityLog"."createdAt"
[API Request] 2026-09-07T09:19:10.604Z - GET /api/auth/preview?email=parth123%40
[API Request] 2026-09-07T09:19:10.691Z - POST /api/activity
[Mobile Activity] {"time":"2026-09-07T09:19:10.692Z","event":"api_request","method":"GET","url":"http://192.168.10.161:5001/api/auth/preview","message":"Mobile API request started"}
prisma:query SELECT "public"."User"."id", "public"."User"."name", "public"."User"."role"::text, "public"."User"."status" FROM "public"."User" WHERE ("public"."User"."email" = $1 AND 1=1) LIMIT $2 OFFSET $3
prisma:query INSERT INTO "public"."ActivityLog" ("id","event","method","url","status","message","createdAt") VALUES ($1,$2,$3,$4,$5,$6,$7) RETURNING "public"."ActivityLog"."id", "public"."ActivityLog"."event", "public"."ActivityLog"."screen", "public"."ActivityLog"."action", "public"."ActivityLog"."method", "public"."ActivityLog"."url", "public"."ActivityLog"."status", "public"."ActivityLog"."message", "public"."ActivityLog"."userEmail", "public"."ActivityLog"."userRole", "public"."ActivityLog"."metadata", "public"."ActivityLog"."createdAt"
[API Request] 2026-09-07T09:19:10.728Z - POST /api/activity
[Mobile Activity] {"time":"2026-09-07T09:19:10.729Z","event":"api_response","method":"GET","url":"http://192.168.10.161:5001/api/auth/preview","status":200,"message":"Mobile API request completed"}
prisma:query INSERT INTO "public"."ActivityLog" ("id","event","method","url","status","message","createdAt") VALUES ($1,$2,$3,$4,$5,$6,$7) RETURNING "public"."ActivityLog"."id", "public"."ActivityLog"."event", "public"."ActivityLog"."screen", "public"."ActivityLog"."action", "public"."ActivityLog"."method", "public"."ActivityLog"."url", "public"."ActivityLog"."status", "public"."ActivityLog"."message", "public"."ActivityLog"."userEmail", "public"."ActivityLog"."userRole", "public"."ActivityLog"."metadata", "public"."ActivityLog"."createdAt"
[API Request] 2026-09-07T09:19:12.895Z - POST /api/activity
[Mobile Activity] {"time":"2026-09-07T09:19:12.976Z","event":"api_request","method":"GET","url":"http://192.168.10.161:5001/api/auth/preview","message":"Mobile API request started"}
[API Request] 2026-09-07T09:19:12.978Z - GET /api/auth/preview?email=parth123%40gm
prisma:query INSERT INTO "public"."ActivityLog" ("id","event","method","url","status","message","createdAt") VALUES ($1,$2,$3,$4,$5,$6,$7) RETURNING "public"."ActivityLog"."id", "public"."ActivityLog"."event", "public"."ActivityLog"."screen", "public"."ActivityLog"."action", "public"."ActivityLog"."method", "public"."ActivityLog"."url", "public"."ActivityLog"."status", "public"."ActivityLog"."message", "public"."ActivityLog"."userEmail", "public"."ActivityLog"."userRole", "public"."ActivityLog"."metadata", "public"."ActivityLog"."createdAt"
prisma:query SELECT "public"."User"."id", "public"."User"."name", "public"."User"."role"::text, "public"."User"."status" FROM "public"."User" WHERE ("public"."User"."email" = $1 AND 1=1) LIMIT $2 OFFSET $3
[API Request] 2026-09-07T09:19:13.034Z - POST /api/activity
[Mobile Activity] {"time":"2026-09-07T09:19:13.052Z","event":"api_response","method":"GET","url":"http://192.168.10.161:5001/api/auth/preview","status":200,"message":"Mobile API request completed"}
prisma:query INSERT INTO "public"."ActivityLog" ("id","event","method","url","status","message","createdAt") VALUES ($1,$2,$3,$4,$5,$6,$7) RETURNING "public"."ActivityLog"."id", "public"."ActivityLog"."event", "public"."ActivityLog"."screen", "public"."ActivityLog"."action", "public"."ActivityLog"."method", "public"."ActivityLog"."url", "public"."ActivityLog"."status", "public"."ActivityLog"."message", "public"."ActivityLog"."userEmail", "public"."ActivityLog"."userRole", "public"."ActivityLog"."metadata", "public"."ActivityLog"."createdAt"
[API Request] 2026-09-07T09:19:13.489Z - GET /api/auth/preview?email=parth123%40gma
[API Request] 2026-09-07T09:19:13.533Z - POST /api/activity
[Mobile Activity] {"time":"2026-09-07T09:19:13.533Z","event":"api_request","method":"GET","url":"http://192.168.10.161:5001/api/auth/preview","message":"Mobile API request started"}
prisma:query SELECT "public"."User"."id", "public"."User"."name", "public"."User"."role"::text, "public"."User"."status" FROM "public"."User" WHERE ("public"."User"."email" = $1 AND 1=1) LIMIT $2 OFFSET $3
prisma:query INSERT INTO "public"."ActivityLog" ("id","event","method","url","status","message","createdAt") VALUES ($1,$2,$3,$4,$5,$6,$7) RETURNING "public"."ActivityLog"."id", "public"."ActivityLog"."event", "public"."ActivityLog"."screen", "public"."ActivityLog"."action", "public"."ActivityLog"."method", "public"."ActivityLog"."url", "public"."ActivityLog"."status", "public"."ActivityLog"."message", "public"."ActivityLog"."userEmail", "public"."ActivityLog"."userRole", "public"."ActivityLog"."metadata", "public"."ActivityLog"."createdAt"
[API Request] 2026-09-07T09:19:13.572Z - POST /api/activity
[Mobile Activity] {"time":"2026-09-07T09:19:13.574Z","event":"api_response","method":"GET","url":"http://192.168.10.161:5001/api/auth/preview","status":200,"message":"Mobile API request completed"}
prisma:query INSERT INTO "public"."ActivityLog" ("id","event","method","url","status","message","createdAt") VALUES ($1,$2,$3,$4,$5,$6,$7) RETURNING "public"."ActivityLog"."id", "public"."ActivityLog"."event", "public"."ActivityLog"."screen", "public"."ActivityLog"."action", "public"."ActivityLog"."method", "public"."ActivityLog"."url", "public"."ActivityLog"."status", "public"."ActivityLog"."message", "public"."ActivityLog"."userEmail", "public"."ActivityLog"."userRole", "public"."ActivityLog"."metadata", "public"."ActivityLog"."createdAt"
[API Request] 2026-09-07T09:19:14.130Z - POST /api/activity
[Mobile Activity] {"time":"2026-09-07T09:19:14.415Z","event":"api_request","method":"GET","url":"http://192.168.10.161:5001/api/auth/preview","message":"Mobile API request started"}
[API Request] 2026-09-07T09:19:14.420Z - GET /api/auth/preview?email=parth123%40gmai
prisma:query INSERT INTO "public"."ActivityLog" ("id","event","method","url","status","message","createdAt") VALUES ($1,$2,$3,$4,$5,$6,$7) RETURNING "public"."ActivityLog"."id", "public"."ActivityLog"."event", "public"."ActivityLog"."screen", "public"."ActivityLog"."action", "public"."ActivityLog"."method", "public"."ActivityLog"."url", "public"."ActivityLog"."status", "public"."ActivityLog"."message", "public"."ActivityLog"."userEmail", "public"."ActivityLog"."userRole", "public"."ActivityLog"."metadata", "public"."ActivityLog"."createdAt"
prisma:query SELECT "public"."User"."id", "public"."User"."name", "public"."User"."role"::text, "public"."User"."status" FROM "public"."User" WHERE ("public"."User"."email" = $1 AND 1=1) LIMIT $2 OFFSET $3
[API Request] 2026-09-07T09:19:14.445Z - POST /api/activity
[Mobile Activity] {"time":"2026-09-07T09:19:14.445Z","event":"api_response","method":"GET","url":"http://192.168.10.161:5001/api/auth/preview","status":200,"message":"Mobile API request completed"}
prisma:query INSERT INTO "public"."ActivityLog" ("id","event","method","url","status","message","createdAt") VALUES ($1,$2,$3,$4,$5,$6,$7) RETURNING "public"."ActivityLog"."id", "public"."ActivityLog"."event", "public"."ActivityLog"."screen", "public"."ActivityLog"."action", "public"."ActivityLog"."method", "public"."ActivityLog"."url", "public"."ActivityLog"."status", "public"."ActivityLog"."message", "public"."ActivityLog"."userEmail", "public"."ActivityLog"."userRole", "public"."ActivityLog"."metadata", "public"."ActivityLog"."createdAt"
[API Request] 2026-09-07T09:19:14.502Z - POST /api/activity
[Mobile Activity] {"time":"2026-09-07T09:19:14.518Z","event":"api_request","method":"GET","url":"http://192.168.10.161:5001/api/auth/preview","message":"Mobile API request started"}
[API Request] 2026-09-07T09:19:14.522Z - GET /api/auth/preview?email=parth123%40gmail
prisma:query INSERT INTO "public"."ActivityLog" ("id","event","method","url","status","message","createdAt") VALUES ($1,$2,$3,$4,$5,$6,$7) RETURNING "public"."ActivityLog"."id", "public"."ActivityLog"."event", "public"."ActivityLog"."screen", "public"."ActivityLog"."action", "public"."ActivityLog"."method", "public"."ActivityLog"."url", "public"."ActivityLog"."status", "public"."ActivityLog"."message", "public"."ActivityLog"."userEmail", "public"."ActivityLog"."userRole", "public"."ActivityLog"."metadata", "public"."ActivityLog"."createdAt"
prisma:query SELECT "public"."User"."id", "public"."User"."name", "public"."User"."role"::text, "public"."User"."status" FROM "public"."User" WHERE ("public"."User"."email" = $1 AND 1=1) LIMIT $2 OFFSET $3
[API Request] 2026-09-07T09:19:14.548Z - POST /api/activity
[Mobile Activity] {"time":"2026-09-07T09:19:14.548Z","event":"api_response","method":"GET","url":"http://192.168.10.161:5001/api/auth/preview","status":200,"message":"Mobile API request completed"}
prisma:query INSERT INTO "public"."ActivityLog" ("id","event","method","url","status","message","createdAt") VALUES ($1,$2,$3,$4,$5,$6,$7) RETURNING "public"."ActivityLog"."id", "public"."ActivityLog"."event", "public"."ActivityLog"."screen", "public"."ActivityLog"."action", "public"."ActivityLog"."method", "public"."ActivityLog"."url", "public"."ActivityLog"."status", "public"."ActivityLog"."message", "public"."ActivityLog"."userEmail", "public"."ActivityLog"."userRole", "public"."ActivityLog"."metadata", "public"."ActivityLog"."createdAt"
[API Request] 2026-09-07T09:19:16.166Z - GET /api/auth/preview?email=parth123%40gmail.com
[API Request] 2026-09-07T09:19:16.196Z - POST /api/activity
[Mobile Activity] {"time":"2026-09-07T09:19:16.197Z","event":"api_request","method":"GET","url":"http://192.168.10.161:5001/api/auth/preview","message":"Mobile API request started"}
prisma:query SELECT "public"."User"."id", "public"."User"."name", "public"."User"."role"::text, "public"."User"."status" FROM "public"."User" WHERE ("public"."User"."email" = $1 AND 1=1) LIMIT $2 OFFSET $3
prisma:query INSERT INTO "public"."ActivityLog" ("id","event","method","url","status","message","createdAt") VALUES ($1,$2,$3,$4,$5,$6,$7) RETURNING "public"."ActivityLog"."id", "public"."ActivityLog"."event", "public"."ActivityLog"."screen", "public"."ActivityLog"."action", "public"."ActivityLog"."method", "public"."ActivityLog"."url", "public"."ActivityLog"."status", "public"."ActivityLog"."message", "public"."ActivityLog"."userEmail", "public"."ActivityLog"."userRole", "public"."ActivityLog"."metadata", "public"."ActivityLog"."createdAt"
[API Request] 2026-09-07T09:19:16.234Z - POST /api/activity
[Mobile Activity] {"time":"2026-09-07T09:19:16.235Z","event":"api_response","method":"GET","url":"http://192.168.10.161:5001/api/auth/preview","status":200,"message":"Mobile API request completed"}
prisma:query INSERT INTO "public"."ActivityLog" ("id","event","method","url","status","message","createdAt") VALUES ($1,$2,$3,$4,$5,$6,$7) RETURNING "public"."ActivityLog"."id", "public"."ActivityLog"."event", "public"."ActivityLog"."screen", "public"."ActivityLog"."action", "public"."ActivityLog"."method", "public"."ActivityLog"."url", "public"."ActivityLog"."status", "public"."ActivityLog"."message", "public"."ActivityLog"."userEmail", "public"."ActivityLog"."userRole", "public"."ActivityLog"."metadata", "public"."ActivityLog"."createdAt"
[API Request] 2026-09-07T09:23:13.219Z - POST /api/activity
[Mobile Activity] {"time":"2026-09-07T09:23:13.240Z","event":"api_request","method":"GET","url":"http://192.168.10.161:5001/api/auth/preview","message":"Mobile API request started"}
[API Request] 2026-09-07T09:23:13.243Z - GET /api/auth/preview?email=parth123%40gmail.com
prisma:query INSERT INTO "public"."ActivityLog" ("id","event","method","url","status","message","createdAt") VALUES ($1,$2,$3,$4,$5,$6,$7) RETURNING "public"."ActivityLog"."id", "public"."ActivityLog"."event", "public"."ActivityLog"."screen", "public"."ActivityLog"."action", "public"."ActivityLog"."method", "public"."ActivityLog"."url", "public"."ActivityLog"."status", "public"."ActivityLog"."message", "public"."ActivityLog"."userEmail", "public"."ActivityLog"."userRole", "public"."ActivityLog"."metadata", "public"."ActivityLog"."createdAt"
prisma:query SELECT "public"."User"."id", "public"."User"."name", "public"."User"."role"::text, "public"."User"."status" FROM "public"."User" WHERE ("public"."User"."email" = $1 AND 1=1) LIMIT $2 OFFSET $3
[API Request] 2026-09-07T09:23:13.485Z - POST /api/activity
[Mobile Activity] {"time":"2026-09-07T09:23:13.701Z","event":"api_response","method":"GET","url":"http://192.168.10.161:5001/api/auth/preview","status":200,"message":"Mobile API request completed"}
prisma:query INSERT INTO "public"."ActivityLog" ("id","event","method","url","status","message","createdAt") VALUES ($1,$2,$3,$4,$5,$6,$7) RETURNING "public"."ActivityLog"."id", "public"."ActivityLog"."event", "public"."ActivityLog"."screen", "public"."ActivityLog"."action", "public"."ActivityLog"."method", "public"."ActivityLog"."url", "public"."ActivityLog"."status", "public"."ActivityLog"."message", "public"."ActivityLog"."userEmail", "public"."ActivityLog"."userRole", "public"."ActivityLog"."metadata", "public"."ActivityLog"."createdAt"
[API Request] 2026-09-07T09:25:23.217Z - POST /api/activity
[Mobile Activity] {"time":"2026-09-07T09:25:23.219Z","event":"login_attempt","screen":"Login","action":"Sign In","message":"Login attempt started","metadata":{"email":"parth123@gmail.com"}}
[API Request] 2026-09-07T09:25:23.243Z - POST /api/activity
[Mobile Activity] {"time":"2026-09-07T09:25:23.244Z","event":"api_request","method":"POST","url":"http://192.168.10.161:5001/api/auth/login","message":"Mobile API request started"}
[API Request] 2026-09-07T09:25:23.247Z - POST /api/auth/login
prisma:query INSERT INTO "public"."ActivityLog" ("id","event","method","url","status","message","createdAt") VALUES ($1,$2,$3,$4,$5,$6,$7) RETURNING "public"."ActivityLog"."id", "public"."ActivityLog"."event", "public"."ActivityLog"."screen", "public"."ActivityLog"."action", "public"."ActivityLog"."method", "public"."ActivityLog"."url", "public"."ActivityLog"."status", "public"."ActivityLog"."message", "public"."ActivityLog"."userEmail", "public"."ActivityLog"."userRole", "public"."ActivityLog"."metadata", "public"."ActivityLog"."createdAt"
prisma:query INSERT INTO "public"."ActivityLog" ("id","event","screen","action","status","message","metadata","createdAt") VALUES ($1,$2,$3,$4,$5,$6,$7,$8) RETURNING "public"."ActivityLog"."id", "public"."ActivityLog"."event", "public"."ActivityLog"."screen", "public"."ActivityLog"."action", "public"."ActivityLog"."method", "public"."ActivityLog"."url", "public"."ActivityLog"."status", "public"."ActivityLog"."message", "public"."ActivityLog"."userEmail", "public"."ActivityLog"."userRole", "public"."ActivityLog"."metadata", "public"."ActivityLog"."createdAt"
prisma:query SELECT "public"."User"."id", "public"."User"."employeeId", "public"."User"."name", "public"."User"."phone", "public"."User"."email", "public"."User"."passwordHash", "public"."User"."role"::text, "public"."User"."department", "public"."User"."designation", "public"."User"."status", "public"."User"."createdAt" FROM "public"."User" WHERE ("public"."User"."email" = $1 AND 1=1) LIMIT $2 OFFSET $3
[API Request] 2026-09-07T09:25:23.405Z - POST /api/activity
[Mobile Activity] {"time":"2026-09-07T09:25:23.407Z","event":"api_response","method":"POST","url":"http://192.168.10.161:5001/api/auth/login","status":200,"message":"Mobile API request completed"}
prisma:query INSERT INTO "public"."ActivityLog" ("id","event","method","url","status","message","createdAt") VALUES ($1,$2,$3,$4,$5,$6,$7) RETURNING "public"."ActivityLog"."id", "public"."ActivityLog"."event", "public"."ActivityLog"."screen", "public"."ActivityLog"."action", "public"."ActivityLog"."method", "public"."ActivityLog"."url", "public"."ActivityLog"."status", "public"."ActivityLog"."message", "public"."ActivityLog"."userEmail", "public"."ActivityLog"."userRole", "public"."ActivityLog"."metadata", "public"."ActivityLog"."createdAt"
[API Request] 2026-09-07T09:25:24.505Z - POST /api/activity
[Mobile Activity] {"time":"2026-09-07T09:25:24.507Z","event":"login_success","screen":"Login","action":"Sign In","message":"Login successful","userEmail":"parth123@gmail.com","userRole":"EMPLOYEE","metadata":{"email":"parth123@gmail.com","role":"EMPLOYEE"}}
[API Request] 2026-09-07T09:25:24.511Z - POST /api/activity
[Mobile Activity] {"time":"2026-09-07T09:25:24.513Z","event":"api_request","method":"GET","url":"http://192.168.10.161:5001/api/notifications","message":"Mobile API request started","userEmail":"parth123@gmail.com","userRole":"EMPLOYEE"}
[API Request] 2026-09-07T09:25:24.516Z - POST /api/activity
[Mobile Activity] {"time":"2026-09-07T09:25:24.517Z","event":"api_request","method":"GET","url":"http://192.168.10.161:5001/api/employees/dashboard","message":"Mobile API request started","userEmail":"parth123@gmail.com","userRole":"EMPLOYEE"}
prisma:query INSERT INTO "public"."ActivityLog" ("id","event","screen","action","status","message","userEmail","userRole","metadata","createdAt") VALUES ($1,$2,$3,$4,$5,$6,$7,$8,$9,$10) RETURNING "public"."ActivityLog"."id", "public"."ActivityLog"."event", "public"."ActivityLog"."screen", "public"."ActivityLog"."action", "public"."ActivityLog"."method", "public"."ActivityLog"."url", "public"."ActivityLog"."status", "public"."ActivityLog"."message", "public"."ActivityLog"."userEmail", "public"."ActivityLog"."userRole", "public"."ActivityLog"."metadata", "public"."ActivityLog"."createdAt"
prisma:query INSERT INTO "public"."ActivityLog" ("id","event","method","url","status","message","userEmail","userRole","createdAt") VALUES ($1,$2,$3,$4,$5,$6,$7,$8,$9) RETURNING "public"."ActivityLog"."id", "public"."ActivityLog"."event", "public"."ActivityLog"."screen", "public"."ActivityLog"."action", "public"."ActivityLog"."method", "public"."ActivityLog"."url", "public"."ActivityLog"."status", "public"."ActivityLog"."message", "public"."ActivityLog"."userEmail", "public"."ActivityLog"."userRole", "public"."ActivityLog"."metadata", "public"."ActivityLog"."createdAt"
prisma:query INSERT INTO "public"."ActivityLog" ("id","event","method","url","status","message","userEmail","userRole","createdAt") VALUES ($1,$2,$3,$4,$5,$6,$7,$8,$9) RETURNING "public"."ActivityLog"."id", "public"."ActivityLog"."event", "public"."ActivityLog"."screen", "public"."ActivityLog"."action", "public"."ActivityLog"."method", "public"."ActivityLog"."url", "public"."ActivityLog"."status", "public"."ActivityLog"."message", "public"."ActivityLog"."userEmail", "public"."ActivityLog"."userRole", "public"."ActivityLog"."metadata", "public"."ActivityLog"."createdAt"
[API Request] 2026-09-07T09:25:24.530Z - GET /api/employees/dashboard
[API Request] 2026-09-07T09:25:24.537Z - GET /api/notifications
prisma:query SELECT "public"."Visit"."id", "public"."Visit"."visitorId" FROM "public"."Visit" WHERE "public"."Visit"."hostId" = $1 OFFSET $2
prisma:query SELECT COUNT(*) AS "_count$_all" FROM (SELECT "public"."Visit"."id" FROM "public"."Visit" WHERE "public"."Visit"."hostId" = $1 OFFSET $2) AS "sub"
prisma:query SELECT COUNT(*) AS "_count$_all" FROM (SELECT "public"."Visit"."id" FROM "public"."Visit" WHERE ("public"."Visit"."hostId" = $1 AND "public"."Visit"."scheduledAt" >= $2 AND "public"."Visit"."scheduledAt" <= $3 AND "public"."Visit"."status" IN (CAST($4::text AS "public"."VisitStatus"),CAST($5::text AS "public"."VisitStatus"))) OFFSET $6) AS "sub"
[Socket] User connected: 41065189-8bb6-43cd-82a8-720800763a88
prisma:query SELECT COUNT(*) AS "_count$_all" FROM (SELECT "public"."Visit"."id" FROM "public"."Visit" WHERE ("public"."Visit"."hostId" = $1 AND "public"."Visit"."status" = CAST($2::text AS "public"."VisitStatus") AND "public"."Visit"."checkInAt" IS NOT NULL AND "public"."Visit"."checkOutAt" IS NULL) OFFSET $3) AS "sub"
prisma:query SELECT COUNT(*) AS "_count$_all" FROM (SELECT "public"."Visit"."id" FROM "public"."Visit" WHERE "public"."Visit"."hostId" = $1 OFFSET $2) AS "sub"
prisma:query SELECT "public"."Notification"."id", "public"."Notification"."recipientId", "public"."Notification"."recipientRole", "public"."Notification"."type", "public"."Notification"."title", "public"."Notification"."message", "public"."Notification"."visitorId", "public"."Notification"."visitId", "public"."Notification"."targetScreen", "public"."Notification"."data", "public"."Notification"."isRead", "public"."Notification"."createdAt", "public"."Notification"."updatedAt" FROM "public"."Notification" WHERE "public"."Notification"."recipientId" = $1 ORDER BY "public"."Notification"."createdAt" DESC LIMIT $2 OFFSET $3
[API Request] 2026-09-07T09:25:24.699Z - POST /api/activity
[Mobile Activity] {"time":"2026-09-07T09:25:24.701Z","event":"api_response","method":"GET","url":"http://192.168.10.161:5001/api/employees/dashboard","status":200,"message":"Mobile API request completed","userEmail":"parth123@gmail.com","userRole":"EMPLOYEE"}
prisma:query INSERT INTO "public"."ActivityLog" ("id","event","method","url","status","message","userEmail","userRole","createdAt") VALUES ($1,$2,$3,$4,$5,$6,$7,$8,$9) RETURNING "public"."ActivityLog"."id", "public"."ActivityLog"."event", "public"."ActivityLog"."screen", "public"."ActivityLog"."action", "public"."ActivityLog"."method", "public"."ActivityLog"."url", "public"."ActivityLog"."status", "public"."ActivityLog"."message", "public"."ActivityLog"."userEmail", "public"."ActivityLog"."userRole", "public"."ActivityLog"."metadata", "public"."ActivityLog"."createdAt"
[API Request] 2026-09-07T09:25:24.729Z - POST /api/activity
[Mobile Activity] {"time":"2026-09-07T09:25:24.732Z","event":"api_response","method":"GET","url":"http://192.168.10.161:5001/api/notifications","status":200,"message":"Mobile API request completed","userEmail":"parth123@gmail.com","userRole":"EMPLOYEE"}
prisma:query INSERT INTO "public"."ActivityLog" ("id","event","method","url","status","message","userEmail","userRole","createdAt") VALUES ($1,$2,$3,$4,$5,$6,$7,$8,$9) RETURNING "public"."ActivityLog"."id", "public"."ActivityLog"."event", "public"."ActivityLog"."screen", "public"."ActivityLog"."action", "public"."ActivityLog"."method", "public"."ActivityLog"."url", "public"."ActivityLog"."status", "public"."ActivityLog"."message", "public"."ActivityLog"."userEmail", "public"."ActivityLog"."userRole", "public"."ActivityLog"."metadata", "public"."ActivityLog"."createdAt"
[API Request] 2026-09-07T09:25:31.715Z - PATCH /api/notifications/read-all
[API Request] 2026-09-07T09:25:31.725Z - POST /api/activity
[Mobile Activity] {"time":"2026-09-07T09:25:31.725Z","event":"api_request","method":"PATCH","url":"http://192.168.10.161:5001/api/notifications/read-all","message":"Mobile API request started","userEmail":"parth123@gmail.com","userRole":"EMPLOYEE"}
prisma:query INSERT INTO "public"."ActivityLog" ("id","event","method","url","status","message","userEmail","userRole","createdAt") VALUES ($1,$2,$3,$4,$5,$6,$7,$8,$9) RETURNING "public"."ActivityLog"."id", "public"."ActivityLog"."event", "public"."ActivityLog"."screen", "public"."ActivityLog"."action", "public"."ActivityLog"."method", "public"."ActivityLog"."url", "public"."ActivityLog"."status", "public"."ActivityLog"."message", "public"."ActivityLog"."userEmail", "public"."ActivityLog"."userRole", "public"."ActivityLog"."metadata", "public"."ActivityLog"."createdAt"
prisma:query UPDATE "public"."Notification" SET "isRead" = $1, "updatedAt" = $2 WHERE ("public"."Notification"."recipientId" = $3 AND "public"."Notification"."isRead" = $4)
prisma:query COMMIT
[API Request] 2026-09-07T09:25:31.755Z - POST /api/activity
[Mobile Activity] {"time":"2026-09-07T09:25:31.756Z","event":"api_response","method":"PATCH","url":"http://192.168.10.161:5001/api/notifications/read-all","status":200,"message":"Mobile API request completed","userEmail":"parth123@gmail.com","userRole":"EMPLOYEE"}
prisma:query INSERT INTO "public"."ActivityLog" ("id","event","method","url","status","message","userEmail","userRole","createdAt") VALUES ($1,$2,$3,$4,$5,$6,$7,$8,$9) RETURNING "public"."ActivityLog"."id", "public"."ActivityLog"."event", "public"."ActivityLog"."screen", "public"."ActivityLog"."action", "public"."ActivityLog"."method", "public"."ActivityLog"."url", "public"."ActivityLog"."status", "public"."ActivityLog"."message", "public"."ActivityLog"."userEmail", "public"."ActivityLog"."userRole", "public"."ActivityLog"."metadata", "public"."ActivityLog"."createdAt"
[API Request] 2026-09-07T09:25:33.008Z - PATCH /api/notifications/read-all
[API Request] 2026-09-07T09:25:33.016Z - POST /api/activity
[Mobile Activity] {"time":"2026-09-07T09:25:33.017Z","event":"api_request","method":"PATCH","url":"http://192.168.10.161:5001/api/notifications/read-all","message":"Mobile API request started","userEmail":"parth123@gmail.com","userRole":"EMPLOYEE"}
prisma:query UPDATE "public"."Notification" SET "isRead" = $1, "updatedAt" = $2 WHERE ("public"."Notification"."recipientId" = $3 AND "public"."Notification"."isRead" = $4)
prisma:query INSERT INTO "public"."ActivityLog" ("id","event","method","url","status","message","userEmail","userRole","createdAt") VALUES ($1,$2,$3,$4,$5,$6,$7,$8,$9) RETURNING "public"."ActivityLog"."id", "public"."ActivityLog"."event", "public"."ActivityLog"."screen", "public"."ActivityLog"."action", "public"."ActivityLog"."method", "public"."ActivityLog"."url", "public"."ActivityLog"."status", "public"."ActivityLog"."message", "public"."ActivityLog"."userEmail", "public"."ActivityLog"."userRole", "public"."ActivityLog"."metadata", "public"."ActivityLog"."createdAt"
prisma:query COMMIT
[API Request] 2026-09-07T09:25:33.049Z - POST /api/activity
[Mobile Activity] {"time":"2026-09-07T09:25:33.049Z","event":"api_response","method":"PATCH","url":"http://192.168.10.161:5001/api/notifications/read-all","status":200,"message":"Mobile API request completed","userEmail":"parth123@gmail.com","userRole":"EMPLOYEE"}
prisma:query INSERT INTO "public"."ActivityLog" ("id","event","method","url","status","message","userEmail","userRole","createdAt") VALUES ($1,$2,$3,$4,$5,$6,$7,$8,$9) RETURNING "public"."ActivityLog"."id", "public"."ActivityLog"."event", "public"."ActivityLog"."screen", "public"."ActivityLog"."action", "public"."ActivityLog"."method", "public"."ActivityLog"."url", "public"."ActivityLog"."status", "public"."ActivityLog"."message", "public"."ActivityLog"."userEmail", "public"."ActivityLog"."userRole", "public"."ActivityLog"."metadata", "public"."ActivityLog"."createdAt"
[Socket] User disconnected: 41065189-8bb6-43cd-82a8-720800763a88
[API Request] 2026-09-07T09:27:12.967Z - POST /api/activity
[Mobile Activity] {"time":"2026-09-07T09:27:12.969Z","event":"api_request","method":"GET","url":"http://192.168.10.161:5001/api/auth/preview","message":"Mobile API request started"}
[API Request] 2026-09-07T09:27:12.973Z - GET /api/auth/preview?email=keval%40swatiswitchgears.com
prisma:query INSERT INTO "public"."ActivityLog" ("id","event","method","url","status","message","createdAt") VALUES ($1,$2,$3,$4,$5,$6,$7) RETURNING "public"."ActivityLog"."id", "public"."ActivityLog"."event", "public"."ActivityLog"."screen", "public"."ActivityLog"."action", "public"."ActivityLog"."method", "public"."ActivityLog"."url", "public"."ActivityLog"."status", "public"."ActivityLog"."message", "public"."ActivityLog"."userEmail", "public"."ActivityLog"."userRole", "public"."ActivityLog"."metadata", "public"."ActivityLog"."createdAt"
prisma:query SELECT "public"."User"."id", "public"."User"."name", "public"."User"."role"::text, "public"."User"."status" FROM "public"."User" WHERE ("public"."User"."email" = $1 AND 1=1) LIMIT $2 OFFSET $3
[API Request] 2026-09-07T09:27:13.039Z - POST /api/activity
[Mobile Activity] {"time":"2026-09-07T09:27:13.039Z","event":"api_response","method":"GET","url":"http://192.168.10.161:5001/api/auth/preview","status":200,"message":"Mobile API request completed"}
prisma:query INSERT INTO "public"."ActivityLog" ("id","event","method","url","status","message","createdAt") VALUES ($1,$2,$3,$4,$5,$6,$7) RETURNING "public"."ActivityLog"."id", "public"."ActivityLog"."event", "public"."ActivityLog"."screen", "public"."ActivityLog"."action", "public"."ActivityLog"."method", "public"."ActivityLog"."url", "public"."ActivityLog"."status", "public"."ActivityLog"."message", "public"."ActivityLog"."userEmail", "public"."ActivityLog"."userRole", "public"."ActivityLog"."metadata", "public"."ActivityLog"."createdAt"
[API Request] 2026-09-07T09:27:19.499Z - POST /api/activity
[Mobile Activity] {"time":"2026-09-07T09:27:19.501Z","event":"login_attempt","screen":"Login","action":"Sign In","message":"Login attempt started","metadata":{"email":"keval@swatiswitchgears.com"}}
prisma:query INSERT INTO "public"."ActivityLog" ("id","event","screen","action","status","message","metadata","createdAt") VALUES ($1,$2,$3,$4,$5,$6,$7,$8) RETURNING "public"."ActivityLog"."id", "public"."ActivityLog"."event", "public"."ActivityLog"."screen", "public"."ActivityLog"."action", "public"."ActivityLog"."method", "public"."ActivityLog"."url", "public"."ActivityLog"."status", "public"."ActivityLog"."message", "public"."ActivityLog"."userEmail", "public"."ActivityLog"."userRole", "public"."ActivityLog"."metadata", "public"."ActivityLog"."createdAt"
[API Request] 2026-09-07T09:27:19.519Z - POST /api/activity
[Mobile Activity] {"time":"2026-09-07T09:27:19.519Z","event":"api_request","method":"POST","url":"http://192.168.10.161:5001/api/auth/login","message":"Mobile API request started"}
[API Request] 2026-09-07T09:27:19.522Z - POST /api/auth/login
prisma:query INSERT INTO "public"."ActivityLog" ("id","event","method","url","status","message","createdAt") VALUES ($1,$2,$3,$4,$5,$6,$7) RETURNING "public"."ActivityLog"."id", "public"."ActivityLog"."event", "public"."ActivityLog"."screen", "public"."ActivityLog"."action", "public"."ActivityLog"."method", "public"."ActivityLog"."url", "public"."ActivityLog"."status", "public"."ActivityLog"."message", "public"."ActivityLog"."userEmail", "public"."ActivityLog"."userRole", "public"."ActivityLog"."metadata", "public"."ActivityLog"."createdAt"
prisma:query SELECT "public"."User"."id", "public"."User"."employeeId", "public"."User"."name", "public"."User"."phone", "public"."User"."email", "public"."User"."passwordHash", "public"."User"."role"::text, "public"."User"."department", "public"."User"."designation", "public"."User"."status", "public"."User"."createdAt" FROM "public"."User" WHERE ("public"."User"."email" = $1 AND 1=1) LIMIT $2 OFFSET $3
[API Request] 2026-09-07T09:27:19.635Z - POST /api/activity
[Mobile Activity] {"time":"2026-09-07T09:27:19.636Z","event":"api_response","method":"POST","url":"http://192.168.10.161:5001/api/auth/login","status":200,"message":"Mobile API request completed"}
prisma:query INSERT INTO "public"."ActivityLog" ("id","event","method","url","status","message","createdAt") VALUES ($1,$2,$3,$4,$5,$6,$7) RETURNING "public"."ActivityLog"."id", "public"."ActivityLog"."event", "public"."ActivityLog"."screen", "public"."ActivityLog"."action", "public"."ActivityLog"."method", "public"."ActivityLog"."url", "public"."ActivityLog"."status", "public"."ActivityLog"."message", "public"."ActivityLog"."userEmail", "public"."ActivityLog"."userRole", "public"."ActivityLog"."metadata", "public"."ActivityLog"."createdAt"
[API Request] 2026-09-07T09:27:20.181Z - POST /api/activity
[Mobile Activity] {"time":"2026-09-07T09:27:20.182Z","event":"api_request","method":"GET","url":"http://192.168.10.161:5001/api/notifications","message":"Mobile API request started","userEmail":"keval@swatiswitchgears.com","userRole":"SUPER_ADMIN"}
[API Request] 2026-09-07T09:27:20.188Z - POST /api/activity
[Mobile Activity] {"time":"2026-09-07T09:27:20.189Z","event":"api_request","method":"GET","url":"http://192.168.10.161:5001/api/admin/dashboard","message":"Mobile API request started","userEmail":"keval@swatiswitchgears.com","userRole":"SUPER_ADMIN"}
[API Request] 2026-09-07T09:27:20.194Z - POST /api/activity
[Mobile Activity] {"time":"2026-09-07T09:27:20.196Z","event":"login_success","screen":"Login","action":"Sign In","message":"Login successful","userEmail":"keval@swatiswitchgears.com","userRole":"SUPER_ADMIN","metadata":{"email":"keval@swatiswitchgears.com","role":"SUPER_ADMIN"}}
prisma:query INSERT INTO "public"."ActivityLog" ("id","event","method","url","status","message","userEmail","userRole","createdAt") VALUES ($1,$2,$3,$4,$5,$6,$7,$8,$9) RETURNING "public"."ActivityLog"."id", "public"."ActivityLog"."event", "public"."ActivityLog"."screen", "public"."ActivityLog"."action", "public"."ActivityLog"."method", "public"."ActivityLog"."url", "public"."ActivityLog"."status", "public"."ActivityLog"."message", "public"."ActivityLog"."userEmail", "public"."ActivityLog"."userRole", "public"."ActivityLog"."metadata", "public"."ActivityLog"."createdAt"
prisma:query INSERT INTO "public"."ActivityLog" ("id","event","method","url","status","message","userEmail","userRole","createdAt") VALUES ($1,$2,$3,$4,$5,$6,$7,$8,$9) RETURNING "public"."ActivityLog"."id", "public"."ActivityLog"."event", "public"."ActivityLog"."screen", "public"."ActivityLog"."action", "public"."ActivityLog"."method", "public"."ActivityLog"."url", "public"."ActivityLog"."status", "public"."ActivityLog"."message", "public"."ActivityLog"."userEmail", "public"."ActivityLog"."userRole", "public"."ActivityLog"."metadata", "public"."ActivityLog"."createdAt"
[API Request] 2026-09-07T09:27:20.206Z - GET /api/notifications
[API Request] 2026-09-07T09:27:20.209Z - GET /api/admin/dashboard
[Socket] User connected: 9c3ac234-21bb-4d9e-a324-da5b1a604490
prisma:query SELECT "public"."Notification"."id", "public"."Notification"."recipientId", "public"."Notification"."recipientRole", "public"."Notification"."type", "public"."Notification"."title", "public"."Notification"."message", "public"."Notification"."visitorId", "public"."Notification"."visitId", "public"."Notification"."targetScreen", "public"."Notification"."data", "public"."Notification"."isRead", "public"."Notification"."createdAt", "public"."Notification"."updatedAt" FROM "public"."Notification" WHERE "public"."Notification"."recipientId" = $1 ORDER BY "public"."Notification"."createdAt" DESC LIMIT $2 OFFSET $3
prisma:query SELECT COUNT(*) AS "_count$_all" FROM (SELECT "public"."NewAppointment"."id" FROM "public"."NewAppointment" WHERE 1=1 OFFSET $1) AS "sub"
[API Request] 2026-09-07T09:27:20.266Z - POST /api/activity
[Mobile Activity] {"time":"2026-09-07T09:27:20.266Z","event":"api_response","method":"GET","url":"http://192.168.10.161:5001/api/notifications","status":200,"message":"Mobile API request completed","userEmail":"keval@swatiswitchgears.com","userRole":"SUPER_ADMIN"}
prisma:query INSERT INTO "public"."ActivityLog" ("id","event","method","url","status","message","userEmail","userRole","createdAt") VALUES ($1,$2,$3,$4,$5,$6,$7,$8,$9) RETURNING "public"."ActivityLog"."id", "public"."ActivityLog"."event", "public"."ActivityLog"."screen", "public"."ActivityLog"."action", "public"."ActivityLog"."method", "public"."ActivityLog"."url", "public"."ActivityLog"."status", "public"."ActivityLog"."message", "public"."ActivityLog"."userEmail", "public"."ActivityLog"."userRole", "public"."ActivityLog"."metadata", "public"."ActivityLog"."createdAt"
prisma:query INSERT INTO "public"."ActivityLog" ("id","event","screen","action","status","message","userEmail","userRole","metadata","createdAt") VALUES ($1,$2,$3,$4,$5,$6,$7,$8,$9,$10) RETURNING "public"."ActivityLog"."id", "public"."ActivityLog"."event", "public"."ActivityLog"."screen", "public"."ActivityLog"."action", "public"."ActivityLog"."method", "public"."ActivityLog"."url", "public"."ActivityLog"."status", "public"."ActivityLog"."message", "public"."ActivityLog"."userEmail", "public"."ActivityLog"."userRole", "public"."ActivityLog"."metadata", "public"."ActivityLog"."createdAt"
prisma:query SELECT COUNT(*) AS "_count$_all" FROM (SELECT "public"."NewAppointment"."id" FROM "public"."NewAppointment" WHERE "public"."NewAppointment"."status" = $1 OFFSET $2) AS "sub"
prisma:query SELECT COUNT(*) AS "_count$_all" FROM (SELECT "public"."Visit"."id" FROM "public"."Visit" WHERE ("public"."Visit"."status" = CAST($1::text AS "public"."VisitStatus") AND "public"."Visit"."checkInAt" IS NOT NULL AND "public"."Visit"."checkOutAt" IS NULL) OFFSET $2) AS "sub"
prisma:query SELECT COUNT(*) AS "_count$_all" FROM (SELECT "public"."NewAppointment"."id" FROM "public"."NewAppointment" WHERE "public"."NewAppointment"."visitDate" = $1 OFFSET $2) AS "sub"
prisma:query SELECT COUNT(*) AS "_count$_all" FROM (SELECT "public"."User"."id" FROM "public"."User" WHERE ("public"."User"."role" = CAST($1::text AS "public"."Role") AND "public"."User"."status" = $2) OFFSET $3) AS "sub"
prisma:query SELECT COUNT("public"."User"."id") AS "_count$id", "public"."User"."department" FROM "public"."User" WHERE ("public"."User"."role" = CAST($1::text AS "public"."Role") AND "public"."User"."status" = $2 AND "public"."User"."department" IS NOT NULL) GROUP BY "public"."User"."department" OFFSET $3
prisma:query SELECT "public"."User"."id", "public"."User"."name" FROM "public"."User" WHERE ("public"."User"."id" = $1 AND 1=1) LIMIT $2 OFFSET $3
[API Request] 2026-09-07T09:27:20.372Z - POST /api/activity
[Mobile Activity] {"time":"2026-09-07T09:27:20.373Z","event":"api_response","method":"GET","url":"http://192.168.10.161:5001/api/admin/dashboard","status":200,"message":"Mobile API request completed","userEmail":"keval@swatiswitchgears.com","userRole":"SUPER_ADMIN"}
prisma:query INSERT INTO "public"."ActivityLog" ("id","event","method","url","status","message","userEmail","userRole","createdAt") VALUES ($1,$2,$3,$4,$5,$6,$7,$8,$9) RETURNING "public"."ActivityLog"."id", "public"."ActivityLog"."event", "public"."ActivityLog"."screen", "public"."ActivityLog"."action", "public"."ActivityLog"."method", "public"."ActivityLog"."url", "public"."ActivityLog"."status", "public"."ActivityLog"."message", "public"."ActivityLog"."userEmail", "public"."ActivityLog"."userRole", "public"."ActivityLog"."metadata", "public"."ActivityLog"."createdAt"
[API Request] 2026-09-07T09:28:30.989Z - POST /api/activity
[Mobile Activity] {"time":"2026-09-07T09:28:30.990Z","event":"api_request","method":"GET","url":"http://192.168.10.161:5001/api/new-appointments?all=true","message":"Mobile API request started","userEmail":"keval@swatiswitchgears.com","userRole":"SUPER_ADMIN"}
[API Request] 2026-09-07T09:28:30.992Z - GET /api/new-appointments?all=true
prisma:query INSERT INTO "public"."ActivityLog" ("id","event","method","url","status","message","userEmail","userRole","createdAt") VALUES ($1,$2,$3,$4,$5,$6,$7,$8,$9) RETURNING "public"."ActivityLog"."id", "public"."ActivityLog"."event", "public"."ActivityLog"."screen", "public"."ActivityLog"."action", "public"."ActivityLog"."method", "public"."ActivityLog"."url", "public"."ActivityLog"."status", "public"."ActivityLog"."message", "public"."ActivityLog"."userEmail", "public"."ActivityLog"."userRole", "public"."ActivityLog"."metadata", "public"."ActivityLog"."createdAt"
prisma:query SELECT "public"."NewAppointment"."id", "public"."NewAppointment"."appointmentId", "public"."NewAppointment"."fullName", "public"."NewAppointment"."mobile", "public"."NewAppointment"."email", "public"."NewAppointment"."company", "public"."NewAppointment"."visitorType", "public"."NewAppointment"."purpose", "public"."NewAppointment"."personToMeet", "public"."NewAppointment"."department", "public"."NewAppointment"."visitDate", "public"."NewAppointment"."arrivalTime", "public"."NewAppointment"."vehicleNumber", "public"."NewAppointment"."notes", "public"."NewAppointment"."status", "public"."NewAppointment"."rejectionReason", "public"."NewAppointment"."decidedAt", "public"."NewAppointment"."createdAt", "public"."NewAppointment"."updatedAt" FROM "public"."NewAppointment" WHERE 1=1 ORDER BY "public"."NewAppointment"."createdAt" DESC OFFSET $1
[API Request] 2026-09-07T09:28:31.086Z - POST /api/activity
[Mobile Activity] {"time":"2026-09-07T09:28:31.086Z","event":"api_response","method":"GET","url":"http://192.168.10.161:5001/api/new-appointments?all=true","status":200,"message":"Mobile API request completed","userEmail":"keval@swatiswitchgears.com","userRole":"SUPER_ADMIN"}
[API Request] 2026-09-07T09:28:31.089Z - POST /api/activity
[Mobile Activity] {"time":"2026-09-07T09:28:31.090Z","event":"admin_approval_list_loaded","screen":"Admin Approvals","message":"All new appointments loaded","userEmail":"keval@swatiswitchgears.com","userRole":"SUPER_ADMIN","metadata":{"count":73}}
prisma:query INSERT INTO "public"."ActivityLog" ("id","event","method","url","status","message","userEmail","userRole","createdAt") VALUES ($1,$2,$3,$4,$5,$6,$7,$8,$9) RETURNING "public"."ActivityLog"."id", "public"."ActivityLog"."event", "public"."ActivityLog"."screen", "public"."ActivityLog"."action", "public"."ActivityLog"."method", "public"."ActivityLog"."url", "public"."ActivityLog"."status", "public"."ActivityLog"."message", "public"."ActivityLog"."userEmail", "public"."ActivityLog"."userRole", "public"."ActivityLog"."metadata", "public"."ActivityLog"."createdAt"
prisma:query INSERT INTO "public"."ActivityLog" ("id","event","screen","status","message","userEmail","userRole","metadata","createdAt") VALUES ($1,$2,$3,$4,$5,$6,$7,$8,$9) RETURNING "public"."ActivityLog"."id", "public"."ActivityLog"."event", "public"."ActivityLog"."screen", "public"."ActivityLog"."action", "public"."ActivityLog"."method", "public"."ActivityLog"."url", "public"."ActivityLog"."status", "public"."ActivityLog"."message", "public"."ActivityLog"."userEmail", "public"."ActivityLog"."userRole", "public"."ActivityLog"."metadata", "public"."ActivityLog"."createdAt"
[API Request] 2026-09-07T09:28:58.150Z - PATCH /api/new-appointments/29f02ee9-fc65-4854-8d63-51560e35aeda/approve
[API Request] 2026-09-07T09:28:58.160Z - POST /api/activity
[Mobile Activity] {"time":"2026-09-07T09:28:58.161Z","event":"api_request","method":"PATCH","url":"http://192.168.10.161:5001/api/new-appointments/29f02ee9-fc65-4854-8d63-51560e35aeda/approve","message":"Mobile API request started","userEmail":"keval@swatiswitchgears.com","userRole":"SUPER_ADMIN"}
prisma:query INSERT INTO "public"."ActivityLog" ("id","event","method","url","status","message","userEmail","userRole","createdAt") VALUES ($1,$2,$3,$4,$5,$6,$7,$8,$9) RETURNING "public"."ActivityLog"."id", "public"."ActivityLog"."event", "public"."ActivityLog"."screen", "public"."ActivityLog"."action", "public"."ActivityLog"."method", "public"."ActivityLog"."url", "public"."ActivityLog"."status", "public"."ActivityLog"."message", "public"."ActivityLog"."userEmail", "public"."ActivityLog"."userRole", "public"."ActivityLog"."metadata", "public"."ActivityLog"."createdAt"
prisma:query UPDATE "public"."NewAppointment" SET "status" = $1, "rejectionReason" = $2, "decidedAt" = $3, "updatedAt" = $4 WHERE ("public"."NewAppointment"."id" = $5 AND 1=1) RETURNING "public"."NewAppointment"."id", "public"."NewAppointment"."appointmentId", "public"."NewAppointment"."fullName", "public"."NewAppointment"."mobile", "public"."NewAppointment"."email", "public"."NewAppointment"."company", "public"."NewAppointment"."visitorType", "public"."NewAppointment"."purpose", "public"."NewAppointment"."personToMeet", "public"."NewAppointment"."department", "public"."NewAppointment"."visitDate", "public"."NewAppointment"."arrivalTime", "public"."NewAppointment"."vehicleNumber", "public"."NewAppointment"."notes", "public"."NewAppointment"."status", "public"."NewAppointment"."rejectionReason", "public"."NewAppointment"."decidedAt", "public"."NewAppointment"."createdAt", "public"."NewAppointment"."updatedAt"
prisma:query SELECT "public"."User"."id", "public"."User"."role"::text FROM "public"."User" WHERE ("public"."User"."role" = CAST($1::text AS "public"."Role") AND "public"."User"."status" = $2 AND ("public"."User"."id" = $3 OR "public"."User"."name" = $4)) LIMIT $5 OFFSET $6
prisma:query INSERT INTO "public"."Notification" ("id","recipientId","recipientRole","type","title","message","visitorId","targetScreen","data","isRead","createdAt","updatedAt") VALUES ($1,$2,$3,$4,$5,$6,$7,$8,$9,$10,$11,$12) RETURNING "public"."Notification"."id", "public"."Notification"."recipientId", "public"."Notification"."recipientRole", "public"."Notification"."type", "public"."Notification"."title", "public"."Notification"."message", "public"."Notification"."visitorId", "public"."Notification"."visitId", "public"."Notification"."targetScreen", "public"."Notification"."data", "public"."Notification"."isRead", "public"."Notification"."createdAt", "public"."Notification"."updatedAt"
prisma:query SELECT "public"."PushToken"."id", "public"."PushToken"."userId", "public"."PushToken"."token", "public"."PushToken"."platform", "public"."PushToken"."isActive", "public"."PushToken"."createdAt", "public"."PushToken"."updatedAt" FROM "public"."PushToken" WHERE ("public"."PushToken"."userId" = $1 AND "public"."PushToken"."isActive" = $2) OFFSET $3
[Push] APPOINTMENT_APPROVED recipient=41065189-8bb6-43cd-82a8-720800763a88 tokens=0
[Push Notification] Checking User collection for Visitor approval: phone=9898986398, email=parth210802@gmail.com
prisma:query SELECT "public"."User"."id", "public"."User"."role"::text FROM "public"."User" WHERE ("public"."User"."phone" = $1 OR "public"."User"."email" = $2) OFFSET $3
[Push Notification] Found 1 Visitor(s) in User collection. Dispatching approval push notification...
prisma:query INSERT INTO "public"."Notification" ("id","recipientId","recipientRole","type","title","message","visitorId","data","isRead","createdAt","updatedAt") VALUES ($1,$2,$3,$4,$5,$6,$7,$8,$9,$10,$11) RETURNING "public"."Notification"."id", "public"."Notification"."recipientId", "public"."Notification"."recipientRole", "public"."Notification"."type", "public"."Notification"."title", "public"."Notification"."message", "public"."Notification"."visitorId", "public"."Notification"."visitId", "public"."Notification"."targetScreen", "public"."Notification"."data", "public"."Notification"."isRead", "public"."Notification"."createdAt", "public"."Notification"."updatedAt"
prisma:query SELECT "public"."PushToken"."id", "public"."PushToken"."userId", "public"."PushToken"."token", "public"."PushToken"."platform", "public"."PushToken"."isActive", "public"."PushToken"."createdAt", "public"."PushToken"."updatedAt" FROM "public"."PushToken" WHERE ("public"."PushToken"."userId" = $1 AND "public"."PushToken"."isActive" = $2) OFFSET $3
[Push] APPOINTMENT_APPROVED recipient=8f79e23d-777d-43b6-8030-0f43e720b2b7 tokens=0
prisma:query SELECT "public"."User"."id" FROM "public"."User" WHERE ("public"."User"."role" = CAST($1::text AS "public"."Role") AND "public"."User"."status" = $2) OFFSET $3
prisma:query INSERT INTO "public"."Notification" ("id","recipientId","type","title","message","isRead","createdAt","updatedAt") VALUES ($1,$2,$3,$4,$5,$6,$7,$8) RETURNING "public"."Notification"."id", "public"."Notification"."recipientId", "public"."Notification"."recipientRole", "public"."Notification"."type", "public"."Notification"."title", "public"."Notification"."message", "public"."Notification"."visitorId", "public"."Notification"."visitId", "public"."Notification"."targetScreen", "public"."Notification"."data", "public"."Notification"."isRead", "public"."Notification"."createdAt", "public"."Notification"."updatedAt"
prisma:query SELECT "public"."PushToken"."id", "public"."PushToken"."userId", "public"."PushToken"."token", "public"."PushToken"."platform", "public"."PushToken"."isActive", "public"."PushToken"."createdAt", "public"."PushToken"."updatedAt" FROM "public"."PushToken" WHERE ("public"."PushToken"."userId" = $1 AND "public"."PushToken"."isActive" = $2) OFFSET $3
[Push] APPOINTMENT_APPROVED_ADMIN recipient=c0842fe3-0d6e-4dcf-a6df-534007978da9 tokens=0
prisma:query INSERT INTO "public"."Notification" ("id","recipientId","type","title","message","isRead","createdAt","updatedAt") VALUES ($1,$2,$3,$4,$5,$6,$7,$8) RETURNING "public"."Notification"."id", "public"."Notification"."recipientId", "public"."Notification"."recipientRole", "public"."Notification"."type", "public"."Notification"."title", "public"."Notification"."message", "public"."Notification"."visitorId", "public"."Notification"."visitId", "public"."Notification"."targetScreen", "public"."Notification"."data", "public"."Notification"."isRead", "public"."Notification"."createdAt", "public"."Notification"."updatedAt"
prisma:query SELECT "public"."PushToken"."id", "public"."PushToken"."userId", "public"."PushToken"."token", "public"."PushToken"."platform", "public"."PushToken"."isActive", "public"."PushToken"."createdAt", "public"."PushToken"."updatedAt" FROM "public"."PushToken" WHERE ("public"."PushToken"."userId" = $1 AND "public"."PushToken"."isActive" = $2) OFFSET $3
[Push] APPOINTMENT_APPROVED_ADMIN recipient=9c3ac234-21bb-4d9e-a324-da5b1a604490 tokens=11
[Push Dispatcher] Beaming high-priority lock screen notification to channel [max]
[Push Dispatcher] Beaming high-priority lock screen notification to channel [max]
[Push Dispatcher] Beaming high-priority lock screen notification to channel [max]
[Push Dispatcher] Beaming high-priority lock screen notification to channel [max]
[Push Dispatcher] Beaming high-priority lock screen notification to channel [max]
[Push Dispatcher] Beaming high-priority lock screen notification to channel [max]
[Push Dispatcher] Beaming high-priority lock screen notification to channel [max]
[Push Dispatcher] Beaming high-priority lock screen notification to channel [max]
[Push Dispatcher] Beaming high-priority lock screen notification to channel [max]
[Push Dispatcher] Beaming high-priority lock screen notification to channel [max]
[Push Dispatcher] Beaming high-priority lock screen notification to channel [max]
[Push] Expo tickets response: [{"status":"error","message":"Unable to retrieve the FCM server key for the recipient's app. Make sure you have provided a server key as directed by the Expo FCM documentation.","details":{"error":"InvalidCredentials","fault":"developer"}}]
[Push] Expo tickets response: [{"status":"error","message":"Unable to retrieve the FCM server key for the recipient's app. Make sure you have provided a server key as directed by the Expo FCM documentation.","details":{"error":"InvalidCredentials","fault":"developer"}}]
[Push] Expo tickets response: [{"status":"error","message":"Unable to retrieve the FCM server key for the recipient's app. Make sure you have provided a server key as directed by the Expo FCM documentation.","details":{"error":"InvalidCredentials","fault":"developer"}}]
[Push] Expo tickets response: [{"status":"error","message":"Unable to retrieve the FCM server key for the recipient's app. Make sure you have provided a server key as directed by the Expo FCM documentation.","details":{"error":"InvalidCredentials","fault":"developer"}}]
[Push] Expo tickets response: [{"status":"error","message":"Unable to retrieve the FCM server key for the recipient's app. Make sure you have provided a server key as directed by the Expo FCM documentation.","details":{"error":"InvalidCredentials","fault":"developer"}}]
[Push] Expo tickets response: [{"status":"error","message":"Unable to retrieve the FCM server key for the recipient's app. Make sure you have provided a server key as directed by the Expo FCM documentation.","details":{"error":"InvalidCredentials","fault":"developer"}}]
[Push] Expo tickets response: [{"status":"error","message":"Unable to retrieve the FCM server key for the recipient's app. Make sure you have provided a server key as directed by the Expo FCM documentation.","details":{"error":"InvalidCredentials","fault":"developer"}}]
[Push] Expo tickets response: [{"status":"error","message":"Unable to retrieve the FCM server key for the recipient's app. Make sure you have provided a server key as directed by the Expo FCM documentation.","details":{"error":"InvalidCredentials","fault":"developer"}}]
[Push] Expo tickets response: [{"status":"error","message":"Unable to retrieve the FCM server key for the recipient's app. Make sure you have provided a server key as directed by the Expo FCM documentation.","details":{"error":"InvalidCredentials","fault":"developer"}}]
[Push] Expo tickets response: [{"status":"error","message":"Unable to retrieve the FCM server key for the recipient's app. Make sure you have provided a server key as directed by the Expo FCM documentation.","details":{"error":"InvalidCredentials","fault":"developer"}}]
[Push] Expo tickets response: [{"status":"ok","id":"01a07b33-0f96-7099-90a3-32f6cfc75fed"}]
[New Appointment Approved] {"appointmentId":"APT-000073","fullName":"Parth demo","personToMeet":"Parth","decidedAt":"2026-09-07T09:28:58.154Z"}
[API Request] 2026-09-07T09:28:59.345Z - POST /api/activity
[Mobile Activity] {"time":"2026-09-07T09:28:59.347Z","event":"api_response","method":"PATCH","url":"http://192.168.10.161:5001/api/new-appointments/29f02ee9-fc65-4854-8d63-51560e35aeda/approve","status":200,"message":"Mobile API request completed","userEmail":"keval@swatiswitchgears.com","userRole":"SUPER_ADMIN"}
[API Request] 2026-09-07T09:28:59.356Z - POST /api/activity
[Mobile Activity] {"time":"2026-09-07T09:28:59.357Z","event":"admin_appointment_approved","screen":"Admin Approvals","action":"Approve","message":"New appointment approved","userEmail":"keval@swatiswitchgears.com","userRole":"SUPER_ADMIN","metadata":{"appointmentId":"APT-000073","visitorName":"Parth demo"}}
prisma:query INSERT INTO "public"."ActivityLog" ("id","event","method","url","status","message","userEmail","userRole","createdAt") VALUES ($1,$2,$3,$4,$5,$6,$7,$8,$9) RETURNING "public"."ActivityLog"."id", "public"."ActivityLog"."event", "public"."ActivityLog"."screen", "public"."ActivityLog"."action", "public"."ActivityLog"."method", "public"."ActivityLog"."url", "public"."ActivityLog"."status", "public"."ActivityLog"."message", "public"."ActivityLog"."userEmail", "public"."ActivityLog"."userRole", "public"."ActivityLog"."metadata", "public"."ActivityLog"."createdAt"
prisma:query INSERT INTO "public"."ActivityLog" ("id","event","screen","action","status","message","userEmail","userRole","metadata","createdAt") VALUES ($1,$2,$3,$4,$5,$6,$7,$8,$9,$10) RETURNING "public"."ActivityLog"."id", "public"."ActivityLog"."event", "public"."ActivityLog"."screen", "public"."ActivityLog"."action", "public"."ActivityLog"."method", "public"."ActivityLog"."url", "public"."ActivityLog"."status", "public"."ActivityLog"."message", "public"."ActivityLog"."userEmail", "public"."ActivityLog"."userRole", "public"."ActivityLog"."metadata", "public"."ActivityLog"."createdAt"
[API Request] 2026-09-07T09:29:11.005Z - POST /api/activity
[Mobile Activity] {"time":"2026-09-07T09:29:11.006Z","event":"api_request","method":"GET","url":"http://192.168.10.161:5001/api/new-appointments?all=true","message":"Mobile API request started","userEmail":"keval@swatiswitchgears.com","userRole":"SUPER_ADMIN"}
[API Request] 2026-09-07T09:29:11.008Z - GET /api/new-appointments?all=true
prisma:query INSERT INTO "public"."ActivityLog" ("id","event","method","url","status","message","userEmail","userRole","createdAt") VALUES ($1,$2,$3,$4,$5,$6,$7,$8,$9) RETURNING "public"."ActivityLog"."id", "public"."ActivityLog"."event", "public"."ActivityLog"."screen", "public"."ActivityLog"."action", "public"."ActivityLog"."method", "public"."ActivityLog"."url", "public"."ActivityLog"."status", "public"."ActivityLog"."message", "public"."ActivityLog"."userEmail", "public"."ActivityLog"."userRole", "public"."ActivityLog"."metadata", "public"."ActivityLog"."createdAt"
prisma:query SELECT "public"."NewAppointment"."id", "public"."NewAppointment"."appointmentId", "public"."NewAppointment"."fullName", "public"."NewAppointment"."mobile", "public"."NewAppointment"."email", "public"."NewAppointment"."company", "public"."NewAppointment"."visitorType", "public"."NewAppointment"."purpose", "public"."NewAppointment"."personToMeet", "public"."NewAppointment"."department", "public"."NewAppointment"."visitDate", "public"."NewAppointment"."arrivalTime", "public"."NewAppointment"."vehicleNumber", "public"."NewAppointment"."notes", "public"."NewAppointment"."status", "public"."NewAppointment"."rejectionReason", "public"."NewAppointment"."decidedAt", "public"."NewAppointment"."createdAt", "public"."NewAppointment"."updatedAt" FROM "public"."NewAppointment" WHERE 1=1 ORDER BY "public"."NewAppointment"."createdAt" DESC OFFSET $1
[API Request] 2026-09-07T09:29:11.111Z - POST /api/activity
[Mobile Activity] {"time":"2026-09-07T09:29:11.112Z","event":"api_response","method":"GET","url":"http://192.168.10.161:5001/api/new-appointments?all=true","status":200,"message":"Mobile API request completed","userEmail":"keval@swatiswitchgears.com","userRole":"SUPER_ADMIN"}
prisma:query INSERT INTO "public"."ActivityLog" ("id","event","method","url","status","message","userEmail","userRole","createdAt") VALUES ($1,$2,$3,$4,$5,$6,$7,$8,$9) RETURNING "public"."ActivityLog"."id", "public"."ActivityLog"."event", "public"."ActivityLog"."screen", "public"."ActivityLog"."action", "public"."ActivityLog"."method", "public"."ActivityLog"."url", "public"."ActivityLog"."status", "public"."ActivityLog"."message", "public"."ActivityLog"."userEmail", "public"."ActivityLog"."userRole", "public"."ActivityLog"."metadata", "public"."ActivityLog"."createdAt"
[API Request] 2026-09-07T09:29:14.203Z - POST /api/activity
[Mobile Activity] {"time":"2026-09-07T09:29:14.205Z","event":"api_request","method":"GET","url":"http://192.168.10.161:5001/api/employees","message":"Mobile API request started","userEmail":"keval@swatiswitchgears.com","userRole":"SUPER_ADMIN"}
[API Request] 2026-09-07T09:29:14.208Z - GET /api/employees
prisma:query INSERT INTO "public"."ActivityLog" ("id","event","method","url","status","message","userEmail","userRole","createdAt") VALUES ($1,$2,$3,$4,$5,$6,$7,$8,$9) RETURNING "public"."ActivityLog"."id", "public"."ActivityLog"."event", "public"."ActivityLog"."screen", "public"."ActivityLog"."action", "public"."ActivityLog"."method", "public"."ActivityLog"."url", "public"."ActivityLog"."status", "public"."ActivityLog"."message", "public"."ActivityLog"."userEmail", "public"."ActivityLog"."userRole", "public"."ActivityLog"."metadata", "public"."ActivityLog"."createdAt"
prisma:query SELECT "public"."User"."id", "public"."User"."employeeId", "public"."User"."name", "public"."User"."email", "public"."User"."phone", "public"."User"."department", "public"."User"."designation", "public"."User"."status" FROM "public"."User" WHERE "public"."User"."role" = CAST($1::text AS "public"."Role") ORDER BY "public"."User"."name" ASC OFFSET $2
[API Request] 2026-09-07T09:29:14.241Z - POST /api/activity
[Mobile Activity] {"time":"2026-09-07T09:29:14.241Z","event":"api_response","method":"GET","url":"http://192.168.10.161:5001/api/employees","status":200,"message":"Mobile API request completed","userEmail":"keval@swatiswitchgears.com","userRole":"SUPER_ADMIN"}
prisma:query INSERT INTO "public"."ActivityLog" ("id","event","method","url","status","message","userEmail","userRole","createdAt") VALUES ($1,$2,$3,$4,$5,$6,$7,$8,$9) RETURNING "public"."ActivityLog"."id", "public"."ActivityLog"."event", "public"."ActivityLog"."screen", "public"."ActivityLog"."action", "public"."ActivityLog"."method", "public"."ActivityLog"."url", "public"."ActivityLog"."status", "public"."ActivityLog"."message", "public"."ActivityLog"."userEmail", "public"."ActivityLog"."userRole", "public"."ActivityLog"."metadata", "public"."ActivityLog"."createdAt"
[API Request] 2026-09-07T09:29:23.435Z - PATCH /api/new-appointments/23217f2f-7cfa-410f-8667-cb5bcc9a2ff3/approve
[API Request] 2026-09-07T09:29:23.441Z - POST /api/activity
[Mobile Activity] {"time":"2026-09-07T09:29:23.442Z","event":"api_request","method":"PATCH","url":"http://192.168.10.161:5001/api/new-appointments/23217f2f-7cfa-410f-8667-cb5bcc9a2ff3/approve","message":"Mobile API request started","userEmail":"keval@swatiswitchgears.com","userRole":"SUPER_ADMIN"}
prisma:query INSERT INTO "public"."ActivityLog" ("id","event","method","url","status","message","userEmail","userRole","createdAt") VALUES ($1,$2,$3,$4,$5,$6,$7,$8,$9) RETURNING "public"."ActivityLog"."id", "public"."ActivityLog"."event", "public"."ActivityLog"."screen", "public"."ActivityLog"."action", "public"."ActivityLog"."method", "public"."ActivityLog"."url", "public"."ActivityLog"."status", "public"."ActivityLog"."message", "public"."ActivityLog"."userEmail", "public"."ActivityLog"."userRole", "public"."ActivityLog"."metadata", "public"."ActivityLog"."createdAt"
prisma:query UPDATE "public"."NewAppointment" SET "status" = $1, "rejectionReason" = $2, "decidedAt" = $3, "updatedAt" = $4 WHERE ("public"."NewAppointment"."id" = $5 AND 1=1) RETURNING "public"."NewAppointment"."id", "public"."NewAppointment"."appointmentId", "public"."NewAppointment"."fullName", "public"."NewAppointment"."mobile", "public"."NewAppointment"."email", "public"."NewAppointment"."company", "public"."NewAppointment"."visitorType", "public"."NewAppointment"."purpose", "public"."NewAppointment"."personToMeet", "public"."NewAppointment"."department", "public"."NewAppointment"."visitDate", "public"."NewAppointment"."arrivalTime", "public"."NewAppointment"."vehicleNumber", "public"."NewAppointment"."notes", "public"."NewAppointment"."status", "public"."NewAppointment"."rejectionReason", "public"."NewAppointment"."decidedAt", "public"."NewAppointment"."createdAt", "public"."NewAppointment"."updatedAt"
prisma:query SELECT "public"."User"."id", "public"."User"."role"::text FROM "public"."User" WHERE ("public"."User"."role" = CAST($1::text AS "public"."Role") AND "public"."User"."status" = $2 AND ("public"."User"."id" = $3 OR "public"."User"."name" = $4)) LIMIT $5 OFFSET $6
prisma:query INSERT INTO "public"."Notification" ("id","recipientId","recipientRole","type","title","message","visitorId","targetScreen","data","isRead","createdAt","updatedAt") VALUES ($1,$2,$3,$4,$5,$6,$7,$8,$9,$10,$11,$12) RETURNING "public"."Notification"."id", "public"."Notification"."recipientId", "public"."Notification"."recipientRole", "public"."Notification"."type", "public"."Notification"."title", "public"."Notification"."message", "public"."Notification"."visitorId", "public"."Notification"."visitId", "public"."Notification"."targetScreen", "public"."Notification"."data", "public"."Notification"."isRead", "public"."Notification"."createdAt", "public"."Notification"."updatedAt"
prisma:query SELECT "public"."PushToken"."id", "public"."PushToken"."userId", "public"."PushToken"."token", "public"."PushToken"."platform", "public"."PushToken"."isActive", "public"."PushToken"."createdAt", "public"."PushToken"."updatedAt" FROM "public"."PushToken" WHERE ("public"."PushToken"."userId" = $1 AND "public"."PushToken"."isActive" = $2) OFFSET $3
[Push] APPOINTMENT_APPROVED recipient=41065189-8bb6-43cd-82a8-720800763a88 tokens=0
[Push Notification] Checking User collection for Visitor approval: phone=725426895, email=parth2182002@gmail.com
prisma:query SELECT "public"."User"."id", "public"."User"."role"::text FROM "public"."User" WHERE ("public"."User"."phone" = $1 OR "public"."User"."email" = $2) OFFSET $3
[Push Notification] Found 1 Visitor(s) in User collection. Dispatching approval push notification...
prisma:query INSERT INTO "public"."Notification" ("id","recipientId","recipientRole","type","title","message","visitorId","data","isRead","createdAt","updatedAt") VALUES ($1,$2,$3,$4,$5,$6,$7,$8,$9,$10,$11) RETURNING "public"."Notification"."id", "public"."Notification"."recipientId", "public"."Notification"."recipientRole", "public"."Notification"."type", "public"."Notification"."title", "public"."Notification"."message", "public"."Notification"."visitorId", "public"."Notification"."visitId", "public"."Notification"."targetScreen", "public"."Notification"."data", "public"."Notification"."isRead", "public"."Notification"."createdAt", "public"."Notification"."updatedAt"
prisma:query SELECT "public"."PushToken"."id", "public"."PushToken"."userId", "public"."PushToken"."token", "public"."PushToken"."platform", "public"."PushToken"."isActive", "public"."PushToken"."createdAt", "public"."PushToken"."updatedAt" FROM "public"."PushToken" WHERE ("public"."PushToken"."userId" = $1 AND "public"."PushToken"."isActive" = $2) OFFSET $3
[Push] APPOINTMENT_APPROVED recipient=8a01fd34-dd4b-4119-a125-12815310fec0 tokens=0
prisma:query SELECT "public"."User"."id" FROM "public"."User" WHERE ("public"."User"."role" = CAST($1::text AS "public"."Role") AND "public"."User"."status" = $2) OFFSET $3
prisma:query INSERT INTO "public"."Notification" ("id","recipientId","type","title","message","isRead","createdAt","updatedAt") VALUES ($1,$2,$3,$4,$5,$6,$7,$8) RETURNING "public"."Notification"."id", "public"."Notification"."recipientId", "public"."Notification"."recipientRole", "public"."Notification"."type", "public"."Notification"."title", "public"."Notification"."message", "public"."Notification"."visitorId", "public"."Notification"."visitId", "public"."Notification"."targetScreen", "public"."Notification"."data", "public"."Notification"."isRead", "public"."Notification"."createdAt", "public"."Notification"."updatedAt"
prisma:query SELECT "public"."PushToken"."id", "public"."PushToken"."userId", "public"."PushToken"."token", "public"."PushToken"."platform", "public"."PushToken"."isActive", "public"."PushToken"."createdAt", "public"."PushToken"."updatedAt" FROM "public"."PushToken" WHERE ("public"."PushToken"."userId" = $1 AND "public"."PushToken"."isActive" = $2) OFFSET $3
[Push] APPOINTMENT_APPROVED_ADMIN recipient=c0842fe3-0d6e-4dcf-a6df-534007978da9 tokens=0
prisma:query INSERT INTO "public"."Notification" ("id","recipientId","type","title","message","isRead","createdAt","updatedAt") VALUES ($1,$2,$3,$4,$5,$6,$7,$8) RETURNING "public"."Notification"."id", "public"."Notification"."recipientId", "public"."Notification"."recipientRole", "public"."Notification"."type", "public"."Notification"."title", "public"."Notification"."message", "public"."Notification"."visitorId", "public"."Notification"."visitId", "public"."Notification"."targetScreen", "public"."Notification"."data", "public"."Notification"."isRead", "public"."Notification"."createdAt", "public"."Notification"."updatedAt"
prisma:query SELECT "public"."PushToken"."id", "public"."PushToken"."userId", "public"."PushToken"."token", "public"."PushToken"."platform", "public"."PushToken"."isActive", "public"."PushToken"."createdAt", "public"."PushToken"."updatedAt" FROM "public"."PushToken" WHERE ("public"."PushToken"."userId" = $1 AND "public"."PushToken"."isActive" = $2) OFFSET $3
[Push] APPOINTMENT_APPROVED_ADMIN recipient=9c3ac234-21bb-4d9e-a324-da5b1a604490 tokens=11
[Push Dispatcher] Beaming high-priority lock screen notification to channel [max]
[Push Dispatcher] Beaming high-priority lock screen notification to channel [max]
[Push Dispatcher] Beaming high-priority lock screen notification to channel [max]
[Push Dispatcher] Beaming high-priority lock screen notification to channel [max]
[Push Dispatcher] Beaming high-priority lock screen notification to channel [max]
[Push Dispatcher] Beaming high-priority lock screen notification to channel [max]
[Push Dispatcher] Beaming high-priority lock screen notification to channel [max]
[Push Dispatcher] Beaming high-priority lock screen notification to channel [max]
[Push Dispatcher] Beaming high-priority lock screen notification to channel [max]
[Push Dispatcher] Beaming high-priority lock screen notification to channel [max]
[Push Dispatcher] Beaming high-priority lock screen notification to channel [max]
[Push] Expo tickets response: [{"status":"error","message":"Unable to retrieve the FCM server key for the recipient's app. Make sure you have provided a server key as directed by the Expo FCM documentation.","details":{"error":"InvalidCredentials","fault":"developer"}}]
[Push] Expo tickets response: [{"status":"error","message":"Unable to retrieve the FCM server key for the recipient's app. Make sure you have provided a server key as directed by the Expo FCM documentation.","details":{"error":"InvalidCredentials","fault":"developer"}}]
[Push] Expo tickets response: [{"status":"error","message":"Unable to retrieve the FCM server key for the recipient's app. Make sure you have provided a server key as directed by the Expo FCM documentation.","details":{"error":"InvalidCredentials","fault":"developer"}}]
[Push] Expo tickets response: [{"status":"error","message":"Unable to retrieve the FCM server key for the recipient's app. Make sure you have provided a server key as directed by the Expo FCM documentation.","details":{"error":"InvalidCredentials","fault":"developer"}}]
[Push] Expo tickets response: [{"status":"error","message":"Unable to retrieve the FCM server key for the recipient's app. Make sure you have provided a server key as directed by the Expo FCM documentation.","details":{"error":"InvalidCredentials","fault":"developer"}}]
[Push] Expo tickets response: [{"status":"error","message":"Unable to retrieve the FCM server key for the recipient's app. Make sure you have provided a server key as directed by the Expo FCM documentation.","details":{"error":"InvalidCredentials","fault":"developer"}}]
[Push] Expo tickets response: [{"status":"error","message":"Unable to retrieve the FCM server key for the recipient's app. Make sure you have provided a server key as directed by the Expo FCM documentation.","details":{"error":"InvalidCredentials","fault":"developer"}}]
[Push] Expo tickets response: [{"status":"error","message":"Unable to retrieve the FCM server key for the recipient's app. Make sure you have provided a server key as directed by the Expo FCM documentation.","details":{"error":"InvalidCredentials","fault":"developer"}}]
[Push] Expo tickets response: [{"status":"error","message":"Unable to retrieve the FCM server key for the recipient's app. Make sure you have provided a server key as directed by the Expo FCM documentation.","details":{"error":"InvalidCredentials","fault":"developer"}}]
[Push] Expo tickets response: [{"status":"ok","id":"01a07b33-70f7-74ca-8a71-3fdbcd54471e"}]
[Push] Expo tickets response: [{"status":"error","message":"Unable to retrieve the FCM server key for the recipient's app. Make sure you have provided a server key as directed by the Expo FCM documentation.","details":{"error":"InvalidCredentials","fault":"developer"}}]
[New Appointment Approved] {"appointmentId":"APT-000072","fullName":"Dev","personToMeet":"Parth","decidedAt":"2026-09-07T09:29:23.438Z"}
[API Request] 2026-09-07T09:29:24.338Z - POST /api/activity
[Mobile Activity] {"time":"2026-09-07T09:29:24.340Z","event":"admin_appointment_approved","screen":"Admin Approvals","action":"Approve","message":"New appointment approved","userEmail":"keval@swatiswitchgears.com","userRole":"SUPER_ADMIN","metadata":{"appointmentId":"APT-000072","visitorName":"Dev"}}
[API Request] 2026-09-07T09:29:24.346Z - POST /api/activity
[Mobile Activity] {"time":"2026-09-07T09:29:24.348Z","event":"api_response","method":"PATCH","url":"http://192.168.10.161:5001/api/new-appointments/23217f2f-7cfa-410f-8667-cb5bcc9a2ff3/approve","status":200,"message":"Mobile API request completed","userEmail":"keval@swatiswitchgears.com","userRole":"SUPER_ADMIN"}
prisma:query INSERT INTO "public"."ActivityLog" ("id","event","screen","action","status","message","userEmail","userRole","metadata","createdAt") VALUES ($1,$2,$3,$4,$5,$6,$7,$8,$9,$10) RETURNING "public"."ActivityLog"."id", "public"."ActivityLog"."event", "public"."ActivityLog"."screen", "public"."ActivityLog"."action", "public"."ActivityLog"."method", "public"."ActivityLog"."url", "public"."ActivityLog"."status", "public"."ActivityLog"."message", "public"."ActivityLog"."userEmail", "public"."ActivityLog"."userRole", "public"."ActivityLog"."metadata", "public"."ActivityLog"."createdAt"
prisma:query INSERT INTO "public"."ActivityLog" ("id","event","method","url","status","message","userEmail","userRole","createdAt") VALUES ($1,$2,$3,$4,$5,$6,$7,$8,$9) RETURNING "public"."ActivityLog"."id", "public"."ActivityLog"."event", "public"."ActivityLog"."screen", "public"."ActivityLog"."action", "public"."ActivityLog"."method", "public"."ActivityLog"."url", "public"."ActivityLog"."status", "public"."ActivityLog"."message", "public"."ActivityLog"."userEmail", "public"."ActivityLog"."userRole", "public"."ActivityLog"."metadata", "public"."ActivityLog"."createdAt"
[API Request] 2026-09-07T09:33:44.872Z - POST /api/activity
[Mobile Activity] {"time":"2026-09-07T09:33:45.087Z","event":"api_request","method":"GET","url":"http://192.168.10.161:5001/api/admin/dashboard","message":"Mobile API request started","userEmail":"keval@swatiswitchgears.com","userRole":"SUPER_ADMIN"}
[API Request] 2026-09-07T09:33:45.093Z - GET /api/admin/dashboard
prisma:query INSERT INTO "public"."ActivityLog" ("id","event","method","url","status","message","userEmail","userRole","createdAt") VALUES ($1,$2,$3,$4,$5,$6,$7,$8,$9) RETURNING "public"."ActivityLog"."id", "public"."ActivityLog"."event", "public"."ActivityLog"."screen", "public"."ActivityLog"."action", "public"."ActivityLog"."method", "public"."ActivityLog"."url", "public"."ActivityLog"."status", "public"."ActivityLog"."message", "public"."ActivityLog"."userEmail", "public"."ActivityLog"."userRole", "public"."ActivityLog"."metadata", "public"."ActivityLog"."createdAt"
prisma:query SELECT COUNT(*) AS "_count$_all" FROM (SELECT "public"."NewAppointment"."id" FROM "public"."NewAppointment" WHERE 1=1 OFFSET $1) AS "sub"
prisma:query SELECT COUNT(*) AS "_count$_all" FROM (SELECT "public"."User"."id" FROM "public"."User" WHERE ("public"."User"."role" = CAST($1::text AS "public"."Role") AND "public"."User"."status" = $2) OFFSET $3) AS "sub"
prisma:query SELECT COUNT(*) AS "_count$_all" FROM (SELECT "public"."NewAppointment"."id" FROM "public"."NewAppointment" WHERE "public"."NewAppointment"."status" = $1 OFFSET $2) AS "sub"
prisma:query SELECT COUNT("public"."User"."id") AS "_count$id", "public"."User"."department" FROM "public"."User" WHERE ("public"."User"."role" = CAST($1::text AS "public"."Role") AND "public"."User"."status" = $2 AND "public"."User"."department" IS NOT NULL) GROUP BY "public"."User"."department" OFFSET $3
prisma:query SELECT "public"."User"."id", "public"."User"."name" FROM "public"."User" WHERE ("public"."User"."id" = $1 AND 1=1) LIMIT $2 OFFSET $3
prisma:query SELECT COUNT(*) AS "_count$_all" FROM (SELECT "public"."Visit"."id" FROM "public"."Visit" WHERE ("public"."Visit"."status" = CAST($1::text AS "public"."VisitStatus") AND "public"."Visit"."checkInAt" IS NOT NULL AND "public"."Visit"."checkOutAt" IS NULL) OFFSET $2) AS "sub"
prisma:query SELECT COUNT(*) AS "_count$_all" FROM (SELECT "public"."NewAppointment"."id" FROM "public"."NewAppointment" WHERE "public"."NewAppointment"."visitDate" = $1 OFFSET $2) AS "sub"
[API Request] 2026-09-07T09:33:45.231Z - POST /api/activity
[Mobile Activity] {"time":"2026-09-07T09:33:45.232Z","event":"api_response","method":"GET","url":"http://192.168.10.161:5001/api/admin/dashboard","status":200,"message":"Mobile API request completed","userEmail":"keval@swatiswitchgears.com","userRole":"SUPER_ADMIN"}
prisma:query INSERT INTO "public"."ActivityLog" ("id","event","method","url","status","message","userEmail","userRole","createdAt") VALUES ($1,$2,$3,$4,$5,$6,$7,$8,$9) RETURNING "public"."ActivityLog"."id", "public"."ActivityLog"."event", "public"."ActivityLog"."screen", "public"."ActivityLog"."action", "public"."ActivityLog"."method", "public"."ActivityLog"."url", "public"."ActivityLog"."status", "public"."ActivityLog"."message", "public"."ActivityLog"."userEmail", "public"."ActivityLog"."userRole", "public"."ActivityLog"."metadata", "public"."ActivityLog"."createdAt"
[Socket] User disconnected: 9c3ac234-21bb-4d9e-a324-da5b1a604490
[API Request] 2026-09-07T09:37:55.255Z - POST /api/activity
[Mobile Activity] {"time":"2026-09-07T09:37:55.258Z","event":"api_request","method":"GET","url":"http://192.168.10.161:5001/api/notifications","message":"Mobile API request started","userEmail":"keval@swatiswitchgears.com","userRole":"SUPER_ADMIN"}
[API Request] 2026-09-07T09:37:55.260Z - GET /api/notifications
prisma:query INSERT INTO "public"."ActivityLog" ("id","event","method","url","status","message","userEmail","userRole","createdAt") VALUES ($1,$2,$3,$4,$5,$6,$7,$8,$9) RETURNING "public"."ActivityLog"."id", "public"."ActivityLog"."event", "public"."ActivityLog"."screen", "public"."ActivityLog"."action", "public"."ActivityLog"."method", "public"."ActivityLog"."url", "public"."ActivityLog"."status", "public"."ActivityLog"."message", "public"."ActivityLog"."userEmail", "public"."ActivityLog"."userRole", "public"."ActivityLog"."metadata", "public"."ActivityLog"."createdAt"
prisma:query SELECT "public"."Notification"."id", "public"."Notification"."recipientId", "public"."Notification"."recipientRole", "public"."Notification"."type", "public"."Notification"."title", "public"."Notification"."message", "public"."Notification"."visitorId", "public"."Notification"."visitId", "public"."Notification"."targetScreen", "public"."Notification"."data", "public"."Notification"."isRead", "public"."Notification"."createdAt", "public"."Notification"."updatedAt" FROM "public"."Notification" WHERE "public"."Notification"."recipientId" = $1 ORDER BY "public"."Notification"."createdAt" DESC LIMIT $2 OFFSET $3
[Socket] User connected: 9c3ac234-21bb-4d9e-a324-da5b1a604490
[API Request] 2026-09-07T09:37:55.688Z - POST /api/activity
[Mobile Activity] {"time":"2026-09-07T09:37:55.689Z","event":"api_response","method":"GET","url":"http://192.168.10.161:5001/api/notifications","status":200,"message":"Mobile API request completed","userEmail":"keval@swatiswitchgears.com","userRole":"SUPER_ADMIN"}
prisma:query INSERT INTO "public"."ActivityLog" ("id","event","method","url","status","message","userEmail","userRole","createdAt") VALUES ($1,$2,$3,$4,$5,$6,$7,$8,$9) RETURNING "public"."ActivityLog"."id", "public"."ActivityLog"."event", "public"."ActivityLog"."screen", "public"."ActivityLog"."action", "public"."ActivityLog"."method", "public"."ActivityLog"."url", "public"."ActivityLog"."status", "public"."ActivityLog"."message", "public"."ActivityLog"."userEmail", "public"."ActivityLog"."userRole", "public"."ActivityLog"."metadata", "public"."ActivityLog"."createdAt"
[Socket] User disconnected: 9c3ac234-21bb-4d9e-a324-da5b1a604490
[API Request] 2026-09-07T09:38:17.916Z - POST /api/activity
[Mobile Activity] {"time":"2026-09-07T09:38:17.917Z","event":"api_request","method":"GET","url":"http://192.168.10.161:5001/api/notifications","message":"Mobile API request started","userEmail":"keval@swatiswitchgears.com","userRole":"SUPER_ADMIN"}
[API Request] 2026-09-07T09:38:17.928Z - POST /api/activity
[Mobile Activity] {"time":"2026-09-07T09:38:17.928Z","event":"api_request","method":"GET","url":"http://192.168.10.161:5001/api/admin/dashboard","message":"Mobile API request started","userEmail":"keval@swatiswitchgears.com","userRole":"SUPER_ADMIN"}
[API Request] 2026-09-07T09:38:17.950Z - GET /api/admin/dashboard
[API Request] 2026-09-07T09:38:17.956Z - GET /api/notifications
prisma:query INSERT INTO "public"."ActivityLog" ("id","event","method","url","status","message","userEmail","userRole","createdAt") VALUES ($1,$2,$3,$4,$5,$6,$7,$8,$9) RETURNING "public"."ActivityLog"."id", "public"."ActivityLog"."event", "public"."ActivityLog"."screen", "public"."ActivityLog"."action", "public"."ActivityLog"."method", "public"."ActivityLog"."url", "public"."ActivityLog"."status", "public"."ActivityLog"."message", "public"."ActivityLog"."userEmail", "public"."ActivityLog"."userRole", "public"."ActivityLog"."metadata", "public"."ActivityLog"."createdAt"
prisma:query INSERT INTO "public"."ActivityLog" ("id","event","method","url","status","message","userEmail","userRole","createdAt") VALUES ($1,$2,$3,$4,$5,$6,$7,$8,$9) RETURNING "public"."ActivityLog"."id", "public"."ActivityLog"."event", "public"."ActivityLog"."screen", "public"."ActivityLog"."action", "public"."ActivityLog"."method", "public"."ActivityLog"."url", "public"."ActivityLog"."status", "public"."ActivityLog"."message", "public"."ActivityLog"."userEmail", "public"."ActivityLog"."userRole", "public"."ActivityLog"."metadata", "public"."ActivityLog"."createdAt"
prisma:query SELECT COUNT(*) AS "_count$_all" FROM (SELECT "public"."Visit"."id" FROM "public"."Visit" WHERE ("public"."Visit"."status" = CAST($1::text AS "public"."VisitStatus") AND "public"."Visit"."checkInAt" IS NOT NULL AND "public"."Visit"."checkOutAt" IS NULL) OFFSET $2) AS "sub"
prisma:query SELECT COUNT(*) AS "_count$_all" FROM (SELECT "public"."User"."id" FROM "public"."User" WHERE ("public"."User"."role" = CAST($1::text AS "public"."Role") AND "public"."User"."status" = $2) OFFSET $3) AS "sub"
prisma:query SELECT COUNT(*) AS "_count$_all" FROM (SELECT "public"."NewAppointment"."id" FROM "public"."NewAppointment" WHERE 1=1 OFFSET $1) AS "sub"
prisma:query SELECT COUNT(*) AS "_count$_all" FROM (SELECT "public"."NewAppointment"."id" FROM "public"."NewAppointment" WHERE "public"."NewAppointment"."visitDate" = $1 OFFSET $2) AS "sub"
prisma:query SELECT COUNT(*) AS "_count$_all" FROM (SELECT "public"."NewAppointment"."id" FROM "public"."NewAppointment" WHERE "public"."NewAppointment"."status" = $1 OFFSET $2) AS "sub"
prisma:query SELECT "public"."User"."id", "public"."User"."name" FROM "public"."User" WHERE ("public"."User"."id" = $1 AND 1=1) LIMIT $2 OFFSET $3
prisma:query SELECT COUNT("public"."User"."id") AS "_count$id", "public"."User"."department" FROM "public"."User" WHERE ("public"."User"."role" = CAST($1::text AS "public"."Role") AND "public"."User"."status" = $2 AND "public"."User"."department" IS NOT NULL) GROUP BY "public"."User"."department" OFFSET $3
prisma:query SELECT "public"."Notification"."id", "public"."Notification"."recipientId", "public"."Notification"."recipientRole", "public"."Notification"."type", "public"."Notification"."title", "public"."Notification"."message", "public"."Notification"."visitorId", "public"."Notification"."visitId", "public"."Notification"."targetScreen", "public"."Notification"."data", "public"."Notification"."isRead", "public"."Notification"."createdAt", "public"."Notification"."updatedAt" FROM "public"."Notification" WHERE "public"."Notification"."recipientId" = $1 ORDER BY "public"."Notification"."createdAt" DESC LIMIT $2 OFFSET $3
[Socket] User connected: 9c3ac234-21bb-4d9e-a324-da5b1a604490
[API Request] 2026-09-07T09:38:18.213Z - POST /api/activity
[Mobile Activity] {"time":"2026-09-07T09:38:18.215Z","event":"api_response","method":"GET","url":"http://192.168.10.161:5001/api/notifications","status":200,"message":"Mobile API request completed","userEmail":"keval@swatiswitchgears.com","userRole":"SUPER_ADMIN"}
[API Request] 2026-09-07T09:38:18.219Z - POST /api/activity
[Mobile Activity] {"time":"2026-09-07T09:38:18.221Z","event":"api_response","method":"GET","url":"http://192.168.10.161:5001/api/admin/dashboard","status":200,"message":"Mobile API request completed","userEmail":"keval@swatiswitchgears.com","userRole":"SUPER_ADMIN"}
prisma:query INSERT INTO "public"."ActivityLog" ("id","event","method","url","status","message","userEmail","userRole","createdAt") VALUES ($1,$2,$3,$4,$5,$6,$7,$8,$9) RETURNING "public"."ActivityLog"."id", "public"."ActivityLog"."event", "public"."ActivityLog"."screen", "public"."ActivityLog"."action", "public"."ActivityLog"."method", "public"."ActivityLog"."url", "public"."ActivityLog"."status", "public"."ActivityLog"."message", "public"."ActivityLog"."userEmail", "public"."ActivityLog"."userRole", "public"."ActivityLog"."metadata", "public"."ActivityLog"."createdAt"
prisma:query INSERT INTO "public"."ActivityLog" ("id","event","method","url","status","message","userEmail","userRole","createdAt") VALUES ($1,$2,$3,$4,$5,$6,$7,$8,$9) RETURNING "public"."ActivityLog"."id", "public"."ActivityLog"."event", "public"."ActivityLog"."screen", "public"."ActivityLog"."action", "public"."ActivityLog"."method", "public"."ActivityLog"."url", "public"."ActivityLog"."status", "public"."ActivityLog"."message", "public"."ActivityLog"."userEmail", "public"."ActivityLog"."userRole", "public"."ActivityLog"."metadata", "public"."ActivityLog"."createdAt"
[API Request] 2026-09-07T09:38:20.964Z - POST /api/activity
[Mobile Activity] {"time":"2026-09-07T09:38:20.966Z","event":"api_request","method":"GET","url":"http://192.168.10.161:5001/api/new-appointments?all=true","message":"Mobile API request started","userEmail":"keval@swatiswitchgears.com","userRole":"SUPER_ADMIN"}
[API Request] 2026-09-07T09:38:20.970Z - GET /api/new-appointments?all=true
prisma:query INSERT INTO "public"."ActivityLog" ("id","event","method","url","status","message","userEmail","userRole","createdAt") VALUES ($1,$2,$3,$4,$5,$6,$7,$8,$9) RETURNING "public"."ActivityLog"."id", "public"."ActivityLog"."event", "public"."ActivityLog"."screen", "public"."ActivityLog"."action", "public"."ActivityLog"."method", "public"."ActivityLog"."url", "public"."ActivityLog"."status", "public"."ActivityLog"."message", "public"."ActivityLog"."userEmail", "public"."ActivityLog"."userRole", "public"."ActivityLog"."metadata", "public"."ActivityLog"."createdAt"
prisma:query SELECT "public"."NewAppointment"."id", "public"."NewAppointment"."appointmentId", "public"."NewAppointment"."fullName", "public"."NewAppointment"."mobile", "public"."NewAppointment"."email", "public"."NewAppointment"."company", "public"."NewAppointment"."visitorType", "public"."NewAppointment"."purpose", "public"."NewAppointment"."personToMeet", "public"."NewAppointment"."department", "public"."NewAppointment"."visitDate", "public"."NewAppointment"."arrivalTime", "public"."NewAppointment"."vehicleNumber", "public"."NewAppointment"."notes", "public"."NewAppointment"."status", "public"."NewAppointment"."rejectionReason", "public"."NewAppointment"."decidedAt", "public"."NewAppointment"."createdAt", "public"."NewAppointment"."updatedAt" FROM "public"."NewAppointment" WHERE 1=1 ORDER BY "public"."NewAppointment"."createdAt" DESC OFFSET $1
[API Request] 2026-09-07T09:38:21.017Z - POST /api/activity
[Mobile Activity] {"time":"2026-09-07T09:38:21.017Z","event":"api_response","method":"GET","url":"http://192.168.10.161:5001/api/new-appointments?all=true","status":200,"message":"Mobile API request completed","userEmail":"keval@swatiswitchgears.com","userRole":"SUPER_ADMIN"}
prisma:query INSERT INTO "public"."ActivityLog" ("id","event","method","url","status","message","userEmail","userRole","createdAt") VALUES ($1,$2,$3,$4,$5,$6,$7,$8,$9) RETURNING "public"."ActivityLog"."id", "public"."ActivityLog"."event", "public"."ActivityLog"."screen", "public"."ActivityLog"."action", "public"."ActivityLog"."method", "public"."ActivityLog"."url", "public"."ActivityLog"."status", "public"."ActivityLog"."message", "public"."ActivityLog"."userEmail", "public"."ActivityLog"."userRole", "public"."ActivityLog"."metadata", "public"."ActivityLog"."createdAt"
[API Request] 2026-09-07T09:38:21.022Z - POST /api/activity
[Mobile Activity] {"time":"2026-09-07T09:38:21.023Z","event":"admin_approval_list_loaded","screen":"Admin Approvals","message":"All new appointments loaded","userEmail":"keval@swatiswitchgears.com","userRole":"SUPER_ADMIN","metadata":{"count":73}}
prisma:query INSERT INTO "public"."ActivityLog" ("id","event","screen","status","message","userEmail","userRole","metadata","createdAt") VALUES ($1,$2,$3,$4,$5,$6,$7,$8,$9) RETURNING "public"."ActivityLog"."id", "public"."ActivityLog"."event", "public"."ActivityLog"."screen", "public"."ActivityLog"."action", "public"."ActivityLog"."method", "public"."ActivityLog"."url", "public"."ActivityLog"."status", "public"."ActivityLog"."message", "public"."ActivityLog"."userEmail", "public"."ActivityLog"."userRole", "public"."ActivityLog"."metadata", "public"."ActivityLog"."createdAt"
[API Request] 2026-09-07T09:40:43.880Z - GET /api/admin/dashboard
[API Request] 2026-09-07T09:40:43.889Z - POST /api/activity
[Mobile Activity] {"time":"2026-09-07T09:40:43.890Z","event":"api_request","method":"GET","url":"http://192.168.10.161:5001/api/admin/dashboard","message":"Mobile API request started","userEmail":"keval@swatiswitchgears.com","userRole":"SUPER_ADMIN"}
prisma:query SELECT COUNT(*) AS "_count$_all" FROM (SELECT "public"."NewAppointment"."id" FROM "public"."NewAppointment" WHERE "public"."NewAppointment"."status" = $1 OFFSET $2) AS "sub"
prisma:query SELECT COUNT(*) AS "_count$_all" FROM (SELECT "public"."User"."id" FROM "public"."User" WHERE ("public"."User"."role" = CAST($1::text AS "public"."Role") AND "public"."User"."status" = $2) OFFSET $3) AS "sub"
prisma:query SELECT "public"."User"."id", "public"."User"."name" FROM "public"."User" WHERE ("public"."User"."id" = $1 AND 1=1) LIMIT $2 OFFSET $3
prisma:query SELECT COUNT("public"."User"."id") AS "_count$id", "public"."User"."department" FROM "public"."User" WHERE ("public"."User"."role" = CAST($1::text AS "public"."Role") AND "public"."User"."status" = $2 AND "public"."User"."department" IS NOT NULL) GROUP BY "public"."User"."department" OFFSET $3
prisma:query SELECT COUNT(*) AS "_count$_all" FROM (SELECT "public"."NewAppointment"."id" FROM "public"."NewAppointment" WHERE "public"."NewAppointment"."visitDate" = $1 OFFSET $2) AS "sub"
prisma:query INSERT INTO "public"."ActivityLog" ("id","event","method","url","status","message","userEmail","userRole","createdAt") VALUES ($1,$2,$3,$4,$5,$6,$7,$8,$9) RETURNING "public"."ActivityLog"."id", "public"."ActivityLog"."event", "public"."ActivityLog"."screen", "public"."ActivityLog"."action", "public"."ActivityLog"."method", "public"."ActivityLog"."url", "public"."ActivityLog"."status", "public"."ActivityLog"."message", "public"."ActivityLog"."userEmail", "public"."ActivityLog"."userRole", "public"."ActivityLog"."metadata", "public"."ActivityLog"."createdAt"
prisma:query SELECT COUNT(*) AS "_count$_all" FROM (SELECT "public"."Visit"."id" FROM "public"."Visit" WHERE ("public"."Visit"."status" = CAST($1::text AS "public"."VisitStatus") AND "public"."Visit"."checkInAt" IS NOT NULL AND "public"."Visit"."checkOutAt" IS NULL) OFFSET $2) AS "sub"
prisma:query SELECT COUNT(*) AS "_count$_all" FROM (SELECT "public"."NewAppointment"."id" FROM "public"."NewAppointment" WHERE 1=1 OFFSET $1) AS "sub"
[API Request] 2026-09-07T09:40:44.668Z - POST /api/activity
[Mobile Activity] {"time":"2026-09-07T09:40:44.668Z","event":"api_response","method":"GET","url":"http://192.168.10.161:5001/api/admin/dashboard","status":200,"message":"Mobile API request completed","userEmail":"keval@swatiswitchgears.com","userRole":"SUPER_ADMIN"}
prisma:query INSERT INTO "public"."ActivityLog" ("id","event","method","url","status","message","userEmail","userRole","createdAt") VALUES ($1,$2,$3,$4,$5,$6,$7,$8,$9) RETURNING "public"."ActivityLog"."id", "public"."ActivityLog"."event", "public"."ActivityLog"."screen", "public"."ActivityLog"."action", "public"."ActivityLog"."method", "public"."ActivityLog"."url", "public"."ActivityLog"."status", "public"."ActivityLog"."message", "public"."ActivityLog"."userEmail", "public"."ActivityLog"."userRole", "public"."ActivityLog"."metadata", "public"."ActivityLog"."createdAt"
[API Request] 2026-09-07T09:42:07.679Z - GET /api/admin/dashboard
[API Request] 2026-09-07T09:42:08.011Z - POST /api/activity
[Mobile Activity] {"time":"2026-09-07T09:42:08.015Z","event":"api_request","method":"GET","url":"http://192.168.10.161:5001/api/admin/dashboard","message":"Mobile API request started","userEmail":"keval@swatiswitchgears.com","userRole":"SUPER_ADMIN"}
prisma:query SELECT COUNT(*) AS "_count$_all" FROM (SELECT "public"."NewAppointment"."id" FROM "public"."NewAppointment" WHERE 1=1 OFFSET $1) AS "sub"
prisma:query SELECT COUNT(*) AS "_count$_all" FROM (SELECT "public"."Visit"."id" FROM "public"."Visit" WHERE ("public"."Visit"."status" = CAST($1::text AS "public"."VisitStatus") AND "public"."Visit"."checkInAt" IS NOT NULL AND "public"."Visit"."checkOutAt" IS NULL) OFFSET $2) AS "sub"
prisma:query SELECT "public"."User"."id", "public"."User"."name" FROM "public"."User" WHERE ("public"."User"."id" = $1 AND 1=1) LIMIT $2 OFFSET $3
prisma:query SELECT COUNT(*) AS "_count$_all" FROM (SELECT "public"."NewAppointment"."id" FROM "public"."NewAppointment" WHERE "public"."NewAppointment"."status" = $1 OFFSET $2) AS "sub"
prisma:query SELECT COUNT("public"."User"."id") AS "_count$id", "public"."User"."department" FROM "public"."User" WHERE ("public"."User"."role" = CAST($1::text AS "public"."Role") AND "public"."User"."status" = $2 AND "public"."User"."department" IS NOT NULL) GROUP BY "public"."User"."department" OFFSET $3
prisma:query INSERT INTO "public"."ActivityLog" ("id","event","method","url","status","message","userEmail","userRole","createdAt") VALUES ($1,$2,$3,$4,$5,$6,$7,$8,$9) RETURNING "public"."ActivityLog"."id", "public"."ActivityLog"."event", "public"."ActivityLog"."screen", "public"."ActivityLog"."action", "public"."ActivityLog"."method", "public"."ActivityLog"."url", "public"."ActivityLog"."status", "public"."ActivityLog"."message", "public"."ActivityLog"."userEmail", "public"."ActivityLog"."userRole", "public"."ActivityLog"."metadata", "public"."ActivityLog"."createdAt"
prisma:query SELECT COUNT(*) AS "_count$_all" FROM (SELECT "public"."NewAppointment"."id" FROM "public"."NewAppointment" WHERE "public"."NewAppointment"."visitDate" = $1 OFFSET $2) AS "sub"
prisma:query SELECT COUNT(*) AS "_count$_all" FROM (SELECT "public"."User"."id" FROM "public"."User" WHERE ("public"."User"."role" = CAST($1::text AS "public"."Role") AND "public"."User"."status" = $2) OFFSET $3) AS "sub"
[API Request] 2026-09-07T09:42:08.322Z - POST /api/activity
[Mobile Activity] {"time":"2026-09-07T09:42:08.329Z","event":"api_response","method":"GET","url":"http://192.168.10.161:5001/api/admin/dashboard","status":200,"message":"Mobile API request completed","userEmail":"keval@swatiswitchgears.com","userRole":"SUPER_ADMIN"}
prisma:query INSERT INTO "public"."ActivityLog" ("id","event","method","url","status","message","userEmail","userRole","createdAt") VALUES ($1,$2,$3,$4,$5,$6,$7,$8,$9) RETURNING "public"."ActivityLog"."id", "public"."ActivityLog"."event", "public"."ActivityLog"."screen", "public"."ActivityLog"."action", "public"."ActivityLog"."method", "public"."ActivityLog"."url", "public"."ActivityLog"."status", "public"."ActivityLog"."message", "public"."ActivityLog"."userEmail", "public"."ActivityLog"."userRole", "public"."ActivityLog"."metadata", "public"."ActivityLog"."createdAt"
[API Request] 2026-09-07T09:44:18.815Z - GET /api/admin/dashboard
[API Request] 2026-09-07T09:44:18.821Z - POST /api/activity
[Mobile Activity] {"time":"2026-09-07T09:44:18.822Z","event":"api_request","method":"GET","url":"http://192.168.10.161:5001/api/admin/dashboard","message":"Mobile API request started","userEmail":"keval@swatiswitchgears.com","userRole":"SUPER_ADMIN"}
prisma:query SELECT COUNT(*) AS "_count$_all" FROM (SELECT "public"."NewAppointment"."id" FROM "public"."NewAppointment" WHERE "public"."NewAppointment"."visitDate" = $1 OFFSET $2) AS "sub"
prisma:query SELECT COUNT(*) AS "_count$_all" FROM (SELECT "public"."User"."id" FROM "public"."User" WHERE ("public"."User"."role" = CAST($1::text AS "public"."Role") AND "public"."User"."status" = $2) OFFSET $3) AS "sub"
prisma:query SELECT COUNT(*) AS "_count$_all" FROM (SELECT "public"."Visit"."id" FROM "public"."Visit" WHERE ("public"."Visit"."status" = CAST($1::text AS "public"."VisitStatus") AND "public"."Visit"."checkInAt" IS NOT NULL AND "public"."Visit"."checkOutAt" IS NULL) OFFSET $2) AS "sub"
prisma:query INSERT INTO "public"."ActivityLog" ("id","event","method","url","status","message","userEmail","userRole","createdAt") VALUES ($1,$2,$3,$4,$5,$6,$7,$8,$9) RETURNING "public"."ActivityLog"."id", "public"."ActivityLog"."event", "public"."ActivityLog"."screen", "public"."ActivityLog"."action", "public"."ActivityLog"."method", "public"."ActivityLog"."url", "public"."ActivityLog"."status", "public"."ActivityLog"."message", "public"."ActivityLog"."userEmail", "public"."ActivityLog"."userRole", "public"."ActivityLog"."metadata", "public"."ActivityLog"."createdAt"
prisma:query SELECT COUNT(*) AS "_count$_all" FROM (SELECT "public"."NewAppointment"."id" FROM "public"."NewAppointment" WHERE 1=1 OFFSET $1) AS "sub"
prisma:query SELECT "public"."User"."id", "public"."User"."name" FROM "public"."User" WHERE ("public"."User"."id" = $1 AND 1=1) LIMIT $2 OFFSET $3
prisma:query SELECT COUNT("public"."User"."id") AS "_count$id", "public"."User"."department" FROM "public"."User" WHERE ("public"."User"."role" = CAST($1::text AS "public"."Role") AND "public"."User"."status" = $2 AND "public"."User"."department" IS NOT NULL) GROUP BY "public"."User"."department" OFFSET $3
prisma:query SELECT COUNT(*) AS "_count$_all" FROM (SELECT "public"."NewAppointment"."id" FROM "public"."NewAppointment" WHERE "public"."NewAppointment"."status" = $1 OFFSET $2) AS "sub"
[API Request] 2026-09-07T09:44:19.060Z - POST /api/activity
[Mobile Activity] {"time":"2026-09-07T09:44:19.061Z","event":"api_response","method":"GET","url":"http://192.168.10.161:5001/api/admin/dashboard","status":200,"message":"Mobile API request completed","userEmail":"keval@swatiswitchgears.com","userRole":"SUPER_ADMIN"}
prisma:query INSERT INTO "public"."ActivityLog" ("id","event","method","url","status","message","userEmail","userRole","createdAt") VALUES ($1,$2,$3,$4,$5,$6,$7,$8,$9) RETURNING "public"."ActivityLog"."id", "public"."ActivityLog"."event", "public"."ActivityLog"."screen", "public"."ActivityLog"."action", "public"."ActivityLog"."method", "public"."ActivityLog"."url", "public"."ActivityLog"."status", "public"."ActivityLog"."message", "public"."ActivityLog"."userEmail", "public"."ActivityLog"."userRole", "public"."ActivityLog"."metadata", "public"."ActivityLog"."createdAt"
[API Request] 2026-09-07T09:44:23.373Z - POST /api/activity
[Mobile Activity] {"time":"2026-09-07T09:44:23.374Z","event":"api_request","method":"GET","url":"http://192.168.10.161:5001/api/admin/dashboard","message":"Mobile API request started","userEmail":"keval@swatiswitchgears.com","userRole":"SUPER_ADMIN"}
prisma:query INSERT INTO "public"."ActivityLog" ("id","event","method","url","status","message","userEmail","userRole","createdAt") VALUES ($1,$2,$3,$4,$5,$6,$7,$8,$9) RETURNING "public"."ActivityLog"."id", "public"."ActivityLog"."event", "public"."ActivityLog"."screen", "public"."ActivityLog"."action", "public"."ActivityLog"."method", "public"."ActivityLog"."url", "public"."ActivityLog"."status", "public"."ActivityLog"."message", "public"."ActivityLog"."userEmail", "public"."ActivityLog"."userRole", "public"."ActivityLog"."metadata", "public"."ActivityLog"."createdAt"
[API Request] 2026-09-07T09:44:23.384Z - GET /api/admin/dashboard
prisma:query SELECT COUNT(*) AS "_count$_all" FROM (SELECT "public"."NewAppointment"."id" FROM "public"."NewAppointment" WHERE 1=1 OFFSET $1) AS "sub"
prisma:query SELECT COUNT(*) AS "_count$_all" FROM (SELECT "public"."NewAppointment"."id" FROM "public"."NewAppointment" WHERE "public"."NewAppointment"."visitDate" = $1 OFFSET $2) AS "sub"
prisma:query SELECT "public"."User"."id", "public"."User"."name" FROM "public"."User" WHERE ("public"."User"."id" = $1 AND 1=1) LIMIT $2 OFFSET $3
prisma:query SELECT COUNT(*) AS "_count$_all" FROM (SELECT "public"."Visit"."id" FROM "public"."Visit" WHERE ("public"."Visit"."status" = CAST($1::text AS "public"."VisitStatus") AND "public"."Visit"."checkInAt" IS NOT NULL AND "public"."Visit"."checkOutAt" IS NULL) OFFSET $2) AS "sub"
prisma:query SELECT COUNT(*) AS "_count$_all" FROM (SELECT "public"."NewAppointment"."id" FROM "public"."NewAppointment" WHERE "public"."NewAppointment"."status" = $1 OFFSET $2) AS "sub"
prisma:query SELECT COUNT(*) AS "_count$_all" FROM (SELECT "public"."User"."id" FROM "public"."User" WHERE ("public"."User"."role" = CAST($1::text AS "public"."Role") AND "public"."User"."status" = $2) OFFSET $3) AS "sub"
prisma:query SELECT COUNT("public"."User"."id") AS "_count$id", "public"."User"."department" FROM "public"."User" WHERE ("public"."User"."role" = CAST($1::text AS "public"."Role") AND "public"."User"."status" = $2 AND "public"."User"."department" IS NOT NULL) GROUP BY "public"."User"."department" OFFSET $3
[API Request] 2026-09-07T09:44:23.417Z - POST /api/activity
[Mobile Activity] {"time":"2026-09-07T09:44:23.419Z","event":"api_response","method":"GET","url":"http://192.168.10.161:5001/api/admin/dashboard","status":200,"message":"Mobile API request completed","userEmail":"keval@swatiswitchgears.com","userRole":"SUPER_ADMIN"}
prisma:query INSERT INTO "public"."ActivityLog" ("id","event","method","url","status","message","userEmail","userRole","createdAt") VALUES ($1,$2,$3,$4,$5,$6,$7,$8,$9) RETURNING "public"."ActivityLog"."id", "public"."ActivityLog"."event", "public"."ActivityLog"."screen", "public"."ActivityLog"."action", "public"."ActivityLog"."method", "public"."ActivityLog"."url", "public"."ActivityLog"."status", "public"."ActivityLog"."message", "public"."ActivityLog"."userEmail", "public"."ActivityLog"."userRole", "public"."ActivityLog"."metadata", "public"."ActivityLog"."createdAt"
[API Request] 2026-09-07T09:45:48.403Z - POST /api/activity
[Mobile Activity] {"time":"2026-09-07T09:45:48.420Z","event":"api_request","method":"GET","url":"http://192.168.10.161:5001/api/admin/dashboard","message":"Mobile API request started","userEmail":"keval@swatiswitchgears.com","userRole":"SUPER_ADMIN"}
[API Request] 2026-09-07T09:45:48.424Z - GET /api/admin/dashboard
prisma:query INSERT INTO "public"."ActivityLog" ("id","event","method","url","status","message","userEmail","userRole","createdAt") VALUES ($1,$2,$3,$4,$5,$6,$7,$8,$9) RETURNING "public"."ActivityLog"."id", "public"."ActivityLog"."event", "public"."ActivityLog"."screen", "public"."ActivityLog"."action", "public"."ActivityLog"."method", "public"."ActivityLog"."url", "public"."ActivityLog"."status", "public"."ActivityLog"."message", "public"."ActivityLog"."userEmail", "public"."ActivityLog"."userRole", "public"."ActivityLog"."metadata", "public"."ActivityLog"."createdAt"
prisma:query SELECT COUNT("public"."User"."id") AS "_count$id", "public"."User"."department" FROM "public"."User" WHERE ("public"."User"."role" = CAST($1::text AS "public"."Role") AND "public"."User"."status" = $2 AND "public"."User"."department" IS NOT NULL) GROUP BY "public"."User"."department" OFFSET $3
prisma:query SELECT COUNT(*) AS "_count$_all" FROM (SELECT "public"."User"."id" FROM "public"."User" WHERE ("public"."User"."role" = CAST($1::text AS "public"."Role") AND "public"."User"."status" = $2) OFFSET $3) AS "sub"
prisma:query SELECT COUNT(*) AS "_count$_all" FROM (SELECT "public"."NewAppointment"."id" FROM "public"."NewAppointment" WHERE "public"."NewAppointment"."status" = $1 OFFSET $2) AS "sub"
prisma:query SELECT COUNT(*) AS "_count$_all" FROM (SELECT "public"."NewAppointment"."id" FROM "public"."NewAppointment" WHERE 1=1 OFFSET $1) AS "sub"
prisma:query SELECT COUNT(*) AS "_count$_all" FROM (SELECT "public"."Visit"."id" FROM "public"."Visit" WHERE ("public"."Visit"."status" = CAST($1::text AS "public"."VisitStatus") AND "public"."Visit"."checkInAt" IS NOT NULL AND "public"."Visit"."checkOutAt" IS NULL) OFFSET $2) AS "sub"
prisma:query SELECT "public"."User"."id", "public"."User"."name" FROM "public"."User" WHERE ("public"."User"."id" = $1 AND 1=1) LIMIT $2 OFFSET $3
prisma:query SELECT COUNT(*) AS "_count$_all" FROM (SELECT "public"."NewAppointment"."id" FROM "public"."NewAppointment" WHERE "public"."NewAppointment"."visitDate" = $1 OFFSET $2) AS "sub"
[API Request] 2026-09-07T09:45:48.646Z - POST /api/activity
[Mobile Activity] {"time":"2026-09-07T09:45:48.646Z","event":"api_response","method":"GET","url":"http://192.168.10.161:5001/api/admin/dashboard","status":200,"message":"Mobile API request completed","userEmail":"keval@swatiswitchgears.com","userRole":"SUPER_ADMIN"}
prisma:query INSERT INTO "public"."ActivityLog" ("id","event","method","url","status","message","userEmail","userRole","createdAt") VALUES ($1,$2,$3,$4,$5,$6,$7,$8,$9) RETURNING "public"."ActivityLog"."id", "public"."ActivityLog"."event", "public"."ActivityLog"."screen", "public"."ActivityLog"."action", "public"."ActivityLog"."method", "public"."ActivityLog"."url", "public"."ActivityLog"."status", "public"."ActivityLog"."message", "public"."ActivityLog"."userEmail", "public"."ActivityLog"."userRole", "public"."ActivityLog"."metadata", "public"."ActivityLog"."createdAt"
[API Request] 2026-09-07T09:46:43.492Z - GET /api/admin/dashboard
[API Request] 2026-09-07T09:46:43.510Z - POST /api/activity
[Mobile Activity] {"time":"2026-09-07T09:46:43.511Z","event":"api_request","method":"GET","url":"http://192.168.10.161:5001/api/admin/dashboard","message":"Mobile API request started","userEmail":"keval@swatiswitchgears.com","userRole":"SUPER_ADMIN"}
prisma:query SELECT COUNT(*) AS "_count$_all" FROM (SELECT "public"."NewAppointment"."id" FROM "public"."NewAppointment" WHERE "public"."NewAppointment"."status" = $1 OFFSET $2) AS "sub"
prisma:query SELECT COUNT(*) AS "_count$_all" FROM (SELECT "public"."Visit"."id" FROM "public"."Visit" WHERE ("public"."Visit"."status" = CAST($1::text AS "public"."VisitStatus") AND "public"."Visit"."checkInAt" IS NOT NULL AND "public"."Visit"."checkOutAt" IS NULL) OFFSET $2) AS "sub"
prisma:query SELECT COUNT(*) AS "_count$_all" FROM (SELECT "public"."NewAppointment"."id" FROM "public"."NewAppointment" WHERE 1=1 OFFSET $1) AS "sub"
prisma:query SELECT "public"."User"."id", "public"."User"."name" FROM "public"."User" WHERE ("public"."User"."id" = $1 AND 1=1) LIMIT $2 OFFSET $3
prisma:query SELECT COUNT(*) AS "_count$_all" FROM (SELECT "public"."User"."id" FROM "public"."User" WHERE ("public"."User"."role" = CAST($1::text AS "public"."Role") AND "public"."User"."status" = $2) OFFSET $3) AS "sub"
prisma:query SELECT COUNT("public"."User"."id") AS "_count$id", "public"."User"."department" FROM "public"."User" WHERE ("public"."User"."role" = CAST($1::text AS "public"."Role") AND "public"."User"."status" = $2 AND "public"."User"."department" IS NOT NULL) GROUP BY "public"."User"."department" OFFSET $3
prisma:query SELECT COUNT(*) AS "_count$_all" FROM (SELECT "public"."NewAppointment"."id" FROM "public"."NewAppointment" WHERE "public"."NewAppointment"."visitDate" = $1 OFFSET $2) AS "sub"
prisma:query INSERT INTO "public"."ActivityLog" ("id","event","method","url","status","message","userEmail","userRole","createdAt") VALUES ($1,$2,$3,$4,$5,$6,$7,$8,$9) RETURNING "public"."ActivityLog"."id", "public"."ActivityLog"."event", "public"."ActivityLog"."screen", "public"."ActivityLog"."action", "public"."ActivityLog"."method", "public"."ActivityLog"."url", "public"."ActivityLog"."status", "public"."ActivityLog"."message", "public"."ActivityLog"."userEmail", "public"."ActivityLog"."userRole", "public"."ActivityLog"."metadata", "public"."ActivityLog"."createdAt"
[API Request] 2026-09-07T09:46:43.765Z - POST /api/activity
[Mobile Activity] {"time":"2026-09-07T09:46:43.772Z","event":"api_response","method":"GET","url":"http://192.168.10.161:5001/api/admin/dashboard","status":200,"message":"Mobile API request completed","userEmail":"keval@swatiswitchgears.com","userRole":"SUPER_ADMIN"}
prisma:query INSERT INTO "public"."ActivityLog" ("id","event","method","url","status","message","userEmail","userRole","createdAt") VALUES ($1,$2,$3,$4,$5,$6,$7,$8,$9) RETURNING "public"."ActivityLog"."id", "public"."ActivityLog"."event", "public"."ActivityLog"."screen", "public"."ActivityLog"."action", "public"."ActivityLog"."method", "public"."ActivityLog"."url", "public"."ActivityLog"."status", "public"."ActivityLog"."message", "public"."ActivityLog"."userEmail", "public"."ActivityLog"."userRole", "public"."ActivityLog"."metadata", "public"."ActivityLog"."createdAt"
[API Request] 2026-09-07T09:48:06.741Z - GET /api/new-appointments?all=true
[API Request] 2026-09-07T09:48:06.744Z - POST /api/activity
[Mobile Activity] {"time":"2026-09-07T09:48:06.745Z","event":"api_request","method":"GET","url":"http://192.168.10.161:5001/api/new-appointments?all=true","message":"Mobile API request started","userEmail":"keval@swatiswitchgears.com","userRole":"SUPER_ADMIN"}
prisma:query SELECT "public"."NewAppointment"."id", "public"."NewAppointment"."appointmentId", "public"."NewAppointment"."fullName", "public"."NewAppointment"."mobile", "public"."NewAppointment"."email", "public"."NewAppointment"."company", "public"."NewAppointment"."visitorType", "public"."NewAppointment"."purpose", "public"."NewAppointment"."personToMeet", "public"."NewAppointment"."department", "public"."NewAppointment"."visitDate", "public"."NewAppointment"."arrivalTime", "public"."NewAppointment"."vehicleNumber", "public"."NewAppointment"."notes", "public"."NewAppointment"."status", "public"."NewAppointment"."rejectionReason", "public"."NewAppointment"."decidedAt", "public"."NewAppointment"."createdAt", "public"."NewAppointment"."updatedAt" FROM "public"."NewAppointment" WHERE 1=1 ORDER BY "public"."NewAppointment"."createdAt" DESC OFFSET $1
prisma:query INSERT INTO "public"."ActivityLog" ("id","event","method","url","status","message","userEmail","userRole","createdAt") VALUES ($1,$2,$3,$4,$5,$6,$7,$8,$9) RETURNING "public"."ActivityLog"."id", "public"."ActivityLog"."event", "public"."ActivityLog"."screen", "public"."ActivityLog"."action", "public"."ActivityLog"."method", "public"."ActivityLog"."url", "public"."ActivityLog"."status", "public"."ActivityLog"."message", "public"."ActivityLog"."userEmail", "public"."ActivityLog"."userRole", "public"."ActivityLog"."metadata", "public"."ActivityLog"."createdAt"
[API Request] 2026-09-07T09:48:06.846Z - POST /api/activity
[Mobile Activity] {"time":"2026-09-07T09:48:06.847Z","event":"api_response","method":"GET","url":"http://192.168.10.161:5001/api/new-appointments?all=true","status":200,"message":"Mobile API request completed","userEmail":"keval@swatiswitchgears.com","userRole":"SUPER_ADMIN"}
prisma:query INSERT INTO "public"."ActivityLog" ("id","event","method","url","status","message","userEmail","userRole","createdAt") VALUES ($1,$2,$3,$4,$5,$6,$7,$8,$9) RETURNING "public"."ActivityLog"."id", "public"."ActivityLog"."event", "public"."ActivityLog"."screen", "public"."ActivityLog"."action", "public"."ActivityLog"."method", "public"."ActivityLog"."url", "public"."ActivityLog"."status", "public"."ActivityLog"."message", "public"."ActivityLog"."userEmail", "public"."ActivityLog"."userRole", "public"."ActivityLog"."metadata", "public"."ActivityLog"."createdAt"
[API Request] 2026-09-07T09:48:49.146Z - PATCH /api/notifications/read-all
[API Request] 2026-09-07T09:48:49.188Z - POST /api/activity
[Mobile Activity] {"time":"2026-09-07T09:48:49.189Z","event":"api_request","method":"PATCH","url":"http://192.168.10.161:5001/api/notifications/read-all","message":"Mobile API request started","userEmail":"keval@swatiswitchgears.com","userRole":"SUPER_ADMIN"}
prisma:query INSERT INTO "public"."ActivityLog" ("id","event","method","url","status","message","userEmail","userRole","createdAt") VALUES ($1,$2,$3,$4,$5,$6,$7,$8,$9) RETURNING "public"."ActivityLog"."id", "public"."ActivityLog"."event", "public"."ActivityLog"."screen", "public"."ActivityLog"."action", "public"."ActivityLog"."method", "public"."ActivityLog"."url", "public"."ActivityLog"."status", "public"."ActivityLog"."message", "public"."ActivityLog"."userEmail", "public"."ActivityLog"."userRole", "public"."ActivityLog"."metadata", "public"."ActivityLog"."createdAt"
prisma:query UPDATE "public"."Notification" SET "isRead" = $1, "updatedAt" = $2 WHERE ("public"."Notification"."recipientId" = $3 AND "public"."Notification"."isRead" = $4)
prisma:query COMMIT
[API Request] 2026-09-07T09:48:49.290Z - POST /api/activity
[Mobile Activity] {"time":"2026-09-07T09:48:49.292Z","event":"api_response","method":"PATCH","url":"http://192.168.10.161:5001/api/notifications/read-all","status":200,"message":"Mobile API request completed","userEmail":"keval@swatiswitchgears.com","userRole":"SUPER_ADMIN"}
prisma:query INSERT INTO "public"."ActivityLog" ("id","event","method","url","status","message","userEmail","userRole","createdAt") VALUES ($1,$2,$3,$4,$5,$6,$7,$8,$9) RETURNING "public"."ActivityLog"."id", "public"."ActivityLog"."event", "public"."ActivityLog"."screen", "public"."ActivityLog"."action", "public"."ActivityLog"."method", "public"."ActivityLog"."url", "public"."ActivityLog"."status", "public"."ActivityLog"."message", "public"."ActivityLog"."userEmail", "public"."ActivityLog"."userRole", "public"."ActivityLog"."metadata", "public"."ActivityLog"."createdAt"
[API Request] 2026-09-07T09:50:27.973Z - POST /api/activity
[Mobile Activity] {"time":"2026-09-07T09:50:27.975Z","event":"api_request","method":"GET","url":"http://192.168.10.161:5001/api/notifications","message":"Mobile API request started","userEmail":"keval@swatiswitchgears.com","userRole":"SUPER_ADMIN"}
[API Request] 2026-09-07T09:50:28.021Z - GET /api/notifications
prisma:query INSERT INTO "public"."ActivityLog" ("id","event","method","url","status","message","userEmail","userRole","createdAt") VALUES ($1,$2,$3,$4,$5,$6,$7,$8,$9) RETURNING "public"."ActivityLog"."id", "public"."ActivityLog"."event", "public"."ActivityLog"."screen", "public"."ActivityLog"."action", "public"."ActivityLog"."method", "public"."ActivityLog"."url", "public"."ActivityLog"."status", "public"."ActivityLog"."message", "public"."ActivityLog"."userEmail", "public"."ActivityLog"."userRole", "public"."ActivityLog"."metadata", "public"."ActivityLog"."createdAt"
prisma:query SELECT "public"."Notification"."id", "public"."Notification"."recipientId", "public"."Notification"."recipientRole", "public"."Notification"."type", "public"."Notification"."title", "public"."Notification"."message", "public"."Notification"."visitorId", "public"."Notification"."visitId", "public"."Notification"."targetScreen", "public"."Notification"."data", "public"."Notification"."isRead", "public"."Notification"."createdAt", "public"."Notification"."updatedAt" FROM "public"."Notification" WHERE "public"."Notification"."recipientId" = $1 ORDER BY "public"."Notification"."createdAt" DESC LIMIT $2 OFFSET $3
[API Request] 2026-09-07T09:50:29.045Z - POST /api/activity
[Mobile Activity] {"time":"2026-09-07T09:50:29.046Z","event":"api_response","method":"GET","url":"http://192.168.10.161:5001/api/notifications","status":200,"message":"Mobile API request completed","userEmail":"keval@swatiswitchgears.com","userRole":"SUPER_ADMIN"}
prisma:query INSERT INTO "public"."ActivityLog" ("id","event","method","url","status","message","userEmail","userRole","createdAt") VALUES ($1,$2,$3,$4,$5,$6,$7,$8,$9) RETURNING "public"."ActivityLog"."id", "public"."ActivityLog"."event", "public"."ActivityLog"."screen", "public"."ActivityLog"."action", "public"."ActivityLog"."method", "public"."ActivityLog"."url", "public"."ActivityLog"."status", "public"."ActivityLog"."message", "public"."ActivityLog"."userEmail", "public"."ActivityLog"."userRole", "public"."ActivityLog"."metadata", "public"."ActivityLog"."createdAt"
[Socket] User disconnected: 9c3ac234-21bb-4d9e-a324-da5b1a604490
[API Request] 2026-09-07T09:50:39.695Z - POST /api/activity
[Mobile Activity] {"time":"2026-09-07T09:50:39.697Z","event":"api_request","method":"GET","url":"http://192.168.10.161:5001/api/auth/preview","message":"Mobile API request started"}
[API Request] 2026-09-07T09:50:39.718Z - GET /api/auth/preview?email=parthlu21%40gmail.com
prisma:query INSERT INTO "public"."ActivityLog" ("id","event","method","url","status","message","createdAt") VALUES ($1,$2,$3,$4,$5,$6,$7) RETURNING "public"."ActivityLog"."id", "public"."ActivityLog"."event", "public"."ActivityLog"."screen", "public"."ActivityLog"."action", "public"."ActivityLog"."method", "public"."ActivityLog"."url", "public"."ActivityLog"."status", "public"."ActivityLog"."message", "public"."ActivityLog"."userEmail", "public"."ActivityLog"."userRole", "public"."ActivityLog"."metadata", "public"."ActivityLog"."createdAt"
prisma:query SELECT "public"."User"."id", "public"."User"."name", "public"."User"."role"::text, "public"."User"."status" FROM "public"."User" WHERE ("public"."User"."email" = $1 AND 1=1) LIMIT $2 OFFSET $3
[API Request] 2026-09-07T09:50:39.833Z - POST /api/activity
[Mobile Activity] {"time":"2026-09-07T09:50:39.836Z","event":"api_response","method":"GET","url":"http://192.168.10.161:5001/api/auth/preview","status":200,"message":"Mobile API request completed"}
prisma:query INSERT INTO "public"."ActivityLog" ("id","event","method","url","status","message","createdAt") VALUES ($1,$2,$3,$4,$5,$6,$7) RETURNING "public"."ActivityLog"."id", "public"."ActivityLog"."event", "public"."ActivityLog"."screen", "public"."ActivityLog"."action", "public"."ActivityLog"."method", "public"."ActivityLog"."url", "public"."ActivityLog"."status", "public"."ActivityLog"."message", "public"."ActivityLog"."userEmail", "public"."ActivityLog"."userRole", "public"."ActivityLog"."metadata", "public"."ActivityLog"."createdAt"
[API Request] 2026-09-07T09:50:40.325Z - POST /api/activity
[Mobile Activity] {"time":"2026-09-07T09:50:40.327Z","event":"login_attempt","screen":"Login","action":"Sign In","message":"Login attempt started","metadata":{"email":"parthlu21@gmail.com"}}
prisma:query INSERT INTO "public"."ActivityLog" ("id","event","screen","action","status","message","metadata","createdAt") VALUES ($1,$2,$3,$4,$5,$6,$7,$8) RETURNING "public"."ActivityLog"."id", "public"."ActivityLog"."event", "public"."ActivityLog"."screen", "public"."ActivityLog"."action", "public"."ActivityLog"."method", "public"."ActivityLog"."url", "public"."ActivityLog"."status", "public"."ActivityLog"."message", "public"."ActivityLog"."userEmail", "public"."ActivityLog"."userRole", "public"."ActivityLog"."metadata", "public"."ActivityLog"."createdAt"
[API Request] 2026-09-07T09:50:40.358Z - POST /api/auth/login
[API Request] 2026-09-07T09:50:40.363Z - POST /api/activity
[Mobile Activity] {"time":"2026-09-07T09:50:40.364Z","event":"api_request","method":"POST","url":"http://192.168.10.161:5001/api/auth/login","message":"Mobile API request started"}
prisma:query SELECT "public"."User"."id", "public"."User"."employeeId", "public"."User"."name", "public"."User"."phone", "public"."User"."email", "public"."User"."passwordHash", "public"."User"."role"::text, "public"."User"."department", "public"."User"."designation", "public"."User"."status", "public"."User"."createdAt" FROM "public"."User" WHERE ("public"."User"."email" = $1 AND 1=1) LIMIT $2 OFFSET $3
prisma:query INSERT INTO "public"."ActivityLog" ("id","event","method","url","status","message","createdAt") VALUES ($1,$2,$3,$4,$5,$6,$7) RETURNING "public"."ActivityLog"."id", "public"."ActivityLog"."event", "public"."ActivityLog"."screen", "public"."ActivityLog"."action", "public"."ActivityLog"."method", "public"."ActivityLog"."url", "public"."ActivityLog"."status", "public"."ActivityLog"."message", "public"."ActivityLog"."userEmail", "public"."ActivityLog"."userRole", "public"."ActivityLog"."metadata", "public"."ActivityLog"."createdAt"
[API Request] 2026-09-07T09:50:40.500Z - POST /api/activity
[Mobile Activity] {"time":"2026-09-07T09:50:40.501Z","event":"api_response","method":"POST","url":"http://192.168.10.161:5001/api/auth/login","status":200,"message":"Mobile API request completed"}
prisma:query INSERT INTO "public"."ActivityLog" ("id","event","method","url","status","message","createdAt") VALUES ($1,$2,$3,$4,$5,$6,$7) RETURNING "public"."ActivityLog"."id", "public"."ActivityLog"."event", "public"."ActivityLog"."screen", "public"."ActivityLog"."action", "public"."ActivityLog"."method", "public"."ActivityLog"."url", "public"."ActivityLog"."status", "public"."ActivityLog"."message", "public"."ActivityLog"."userEmail", "public"."ActivityLog"."userRole", "public"."ActivityLog"."metadata", "public"."ActivityLog"."createdAt"
[API Request] 2026-09-07T09:50:40.902Z - POST /api/activity
[Mobile Activity] {"time":"2026-09-07T09:50:40.904Z","event":"login_success","screen":"Login","action":"Sign In","message":"Login successful","userEmail":"parthlu21@gmail.com","userRole":"VISITOR","metadata":{"email":"parthlu21@gmail.com","role":"VISITOR"}}
[API Request] 2026-09-07T09:50:40.911Z - POST /api/activity
[Mobile Activity] {"time":"2026-09-07T09:50:40.913Z","event":"api_request","method":"GET","url":"http://192.168.10.161:5001/api/notifications","message":"Mobile API request started","userEmail":"parthlu21@gmail.com","userRole":"VISITOR"}
prisma:query INSERT INTO "public"."ActivityLog" ("id","event","screen","action","status","message","userEmail","userRole","metadata","createdAt") VALUES ($1,$2,$3,$4,$5,$6,$7,$8,$9,$10) RETURNING "public"."ActivityLog"."id", "public"."ActivityLog"."event", "public"."ActivityLog"."screen", "public"."ActivityLog"."action", "public"."ActivityLog"."method", "public"."ActivityLog"."url", "public"."ActivityLog"."status", "public"."ActivityLog"."message", "public"."ActivityLog"."userEmail", "public"."ActivityLog"."userRole", "public"."ActivityLog"."metadata", "public"."ActivityLog"."createdAt"
[Socket] User connected: 36d8cc34-941f-43f7-9acf-aa094a36c822
prisma:query INSERT INTO "public"."ActivityLog" ("id","event","method","url","status","message","userEmail","userRole","createdAt") VALUES ($1,$2,$3,$4,$5,$6,$7,$8,$9) RETURNING "public"."ActivityLog"."id", "public"."ActivityLog"."event", "public"."ActivityLog"."screen", "public"."ActivityLog"."action", "public"."ActivityLog"."method", "public"."ActivityLog"."url", "public"."ActivityLog"."status", "public"."ActivityLog"."message", "public"."ActivityLog"."userEmail", "public"."ActivityLog"."userRole", "public"."ActivityLog"."metadata", "public"."ActivityLog"."createdAt"
[API Request] 2026-09-07T09:50:40.931Z - GET /api/notifications
prisma:query SELECT "public"."Notification"."id", "public"."Notification"."recipientId", "public"."Notification"."recipientRole", "public"."Notification"."type", "public"."Notification"."title", "public"."Notification"."message", "public"."Notification"."visitorId", "public"."Notification"."visitId", "public"."Notification"."targetScreen", "public"."Notification"."data", "public"."Notification"."isRead", "public"."Notification"."createdAt", "public"."Notification"."updatedAt" FROM "public"."Notification" WHERE "public"."Notification"."recipientId" = $1 ORDER BY "public"."Notification"."createdAt" DESC LIMIT $2 OFFSET $3
[API Request] 2026-09-07T09:50:40.979Z - POST /api/activity
[Mobile Activity] {"time":"2026-09-07T09:50:40.980Z","event":"api_response","method":"GET","url":"http://192.168.10.161:5001/api/notifications","status":200,"message":"Mobile API request completed","userEmail":"parthlu21@gmail.com","userRole":"VISITOR"}
prisma:query INSERT INTO "public"."ActivityLog" ("id","event","method","url","status","message","userEmail","userRole","createdAt") VALUES ($1,$2,$3,$4,$5,$6,$7,$8,$9) RETURNING "public"."ActivityLog"."id", "public"."ActivityLog"."event", "public"."ActivityLog"."screen", "public"."ActivityLog"."action", "public"."ActivityLog"."method", "public"."ActivityLog"."url", "public"."ActivityLog"."status", "public"."ActivityLog"."message", "public"."ActivityLog"."userEmail", "public"."ActivityLog"."userRole", "public"."ActivityLog"."metadata", "public"."ActivityLog"."createdAt"
[Socket] User disconnected: 36d8cc34-941f-43f7-9acf-aa094a36c822
[API Request] 2026-09-07T09:51:27.382Z - GET /api/auth/preview?email=parthlu21%40gmail.com
[API Request] 2026-09-07T09:51:27.386Z - POST /api/activity
[Mobile Activity] {"time":"2026-09-07T09:51:27.387Z","event":"api_request","method":"GET","url":"http://192.168.10.161:5001/api/auth/preview","message":"Mobile API request started"}
prisma:query SELECT "public"."User"."id", "public"."User"."name", "public"."User"."role"::text, "public"."User"."status" FROM "public"."User" WHERE ("public"."User"."email" = $1 AND 1=1) LIMIT $2 OFFSET $3
prisma:query INSERT INTO "public"."ActivityLog" ("id","event","method","url","status","message","createdAt") VALUES ($1,$2,$3,$4,$5,$6,$7) RETURNING "public"."ActivityLog"."id", "public"."ActivityLog"."event", "public"."ActivityLog"."screen", "public"."ActivityLog"."action", "public"."ActivityLog"."method", "public"."ActivityLog"."url", "public"."ActivityLog"."status", "public"."ActivityLog"."message", "public"."ActivityLog"."userEmail", "public"."ActivityLog"."userRole", "public"."ActivityLog"."metadata", "public"."ActivityLog"."createdAt"
[API Request] 2026-09-07T09:51:27.456Z - POST /api/activity
[Mobile Activity] {"time":"2026-09-07T09:51:27.457Z","event":"api_response","method":"GET","url":"http://192.168.10.161:5001/api/auth/preview","status":200,"message":"Mobile API request completed"}
prisma:query INSERT INTO "public"."ActivityLog" ("id","event","method","url","status","message","createdAt") VALUES ($1,$2,$3,$4,$5,$6,$7) RETURNING "public"."ActivityLog"."id", "public"."ActivityLog"."event", "public"."ActivityLog"."screen", "public"."ActivityLog"."action", "public"."ActivityLog"."method", "public"."ActivityLog"."url", "public"."ActivityLog"."status", "public"."ActivityLog"."message", "public"."ActivityLog"."userEmail", "public"."ActivityLog"."userRole", "public"."ActivityLog"."metadata", "public"."ActivityLog"."createdAt"
[API Request] 2026-09-07T09:51:28.245Z - POST /api/activity
[Mobile Activity] {"time":"2026-09-07T09:51:28.246Z","event":"login_attempt","screen":"Login","action":"Sign In","message":"Login attempt started","metadata":{"email":"parthlu21@gmail.com"}}
prisma:query INSERT INTO "public"."ActivityLog" ("id","event","screen","action","status","message","metadata","createdAt") VALUES ($1,$2,$3,$4,$5,$6,$7,$8) RETURNING "public"."ActivityLog"."id", "public"."ActivityLog"."event", "public"."ActivityLog"."screen", "public"."ActivityLog"."action", "public"."ActivityLog"."method", "public"."ActivityLog"."url", "public"."ActivityLog"."status", "public"."ActivityLog"."message", "public"."ActivityLog"."userEmail", "public"."ActivityLog"."userRole", "public"."ActivityLog"."metadata", "public"."ActivityLog"."createdAt"
[API Request] 2026-09-07T09:51:28.289Z - POST /api/auth/login
[API Request] 2026-09-07T09:51:28.290Z - POST /api/activity
[Mobile Activity] {"time":"2026-09-07T09:51:28.291Z","event":"api_request","method":"POST","url":"http://192.168.10.161:5001/api/auth/login","message":"Mobile API request started"}
prisma:query SELECT "public"."User"."id", "public"."User"."employeeId", "public"."User"."name", "public"."User"."phone", "public"."User"."email", "public"."User"."passwordHash", "public"."User"."role"::text, "public"."User"."department", "public"."User"."designation", "public"."User"."status", "public"."User"."createdAt" FROM "public"."User" WHERE ("public"."User"."email" = $1 AND 1=1) LIMIT $2 OFFSET $3
prisma:query INSERT INTO "public"."ActivityLog" ("id","event","method","url","status","message","createdAt") VALUES ($1,$2,$3,$4,$5,$6,$7) RETURNING "public"."ActivityLog"."id", "public"."ActivityLog"."event", "public"."ActivityLog"."screen", "public"."ActivityLog"."action", "public"."ActivityLog"."method", "public"."ActivityLog"."url", "public"."ActivityLog"."status", "public"."ActivityLog"."message", "public"."ActivityLog"."userEmail", "public"."ActivityLog"."userRole", "public"."ActivityLog"."metadata", "public"."ActivityLog"."createdAt"
[API Request] 2026-09-07T09:51:28.399Z - POST /api/activity
[Mobile Activity] {"time":"2026-09-07T09:51:28.400Z","event":"api_response","method":"POST","url":"http://192.168.10.161:5001/api/auth/login","status":200,"message":"Mobile API request completed"}
prisma:query INSERT INTO "public"."ActivityLog" ("id","event","method","url","status","message","createdAt") VALUES ($1,$2,$3,$4,$5,$6,$7) RETURNING "public"."ActivityLog"."id", "public"."ActivityLog"."event", "public"."ActivityLog"."screen", "public"."ActivityLog"."action", "public"."ActivityLog"."method", "public"."ActivityLog"."url", "public"."ActivityLog"."status", "public"."ActivityLog"."message", "public"."ActivityLog"."userEmail", "public"."ActivityLog"."userRole", "public"."ActivityLog"."metadata", "public"."ActivityLog"."createdAt"
[API Request] 2026-09-07T09:51:28.834Z - POST /api/activity
[Mobile Activity] {"time":"2026-09-07T09:51:28.835Z","event":"api_request","method":"GET","url":"http://192.168.10.161:5001/api/notifications","message":"Mobile API request started","userEmail":"parthlu21@gmail.com","userRole":"VISITOR"}
[Socket] User connected: 36d8cc34-941f-43f7-9acf-aa094a36c822
prisma:query INSERT INTO "public"."ActivityLog" ("id","event","method","url","status","message","userEmail","userRole","createdAt") VALUES ($1,$2,$3,$4,$5,$6,$7,$8,$9) RETURNING "public"."ActivityLog"."id", "public"."ActivityLog"."event", "public"."ActivityLog"."screen", "public"."ActivityLog"."action", "public"."ActivityLog"."method", "public"."ActivityLog"."url", "public"."ActivityLog"."status", "public"."ActivityLog"."message", "public"."ActivityLog"."userEmail", "public"."ActivityLog"."userRole", "public"."ActivityLog"."metadata", "public"."ActivityLog"."createdAt"
[API Request] 2026-09-07T09:51:28.850Z - GET /api/notifications
prisma:query SELECT "public"."Notification"."id", "public"."Notification"."recipientId", "public"."Notification"."recipientRole", "public"."Notification"."type", "public"."Notification"."title", "public"."Notification"."message", "public"."Notification"."visitorId", "public"."Notification"."visitId", "public"."Notification"."targetScreen", "public"."Notification"."data", "public"."Notification"."isRead", "public"."Notification"."createdAt", "public"."Notification"."updatedAt" FROM "public"."Notification" WHERE "public"."Notification"."recipientId" = $1 ORDER BY "public"."Notification"."createdAt" DESC LIMIT $2 OFFSET $3
[API Request] 2026-09-07T09:51:28.884Z - POST /api/activity
[Mobile Activity] {"time":"2026-09-07T09:51:28.885Z","event":"login_success","screen":"Login","action":"Sign In","message":"Login successful","userEmail":"parthlu21@gmail.com","userRole":"VISITOR","metadata":{"email":"parthlu21@gmail.com","role":"VISITOR"}}
prisma:query INSERT INTO "public"."ActivityLog" ("id","event","screen","action","status","message","userEmail","userRole","metadata","createdAt") VALUES ($1,$2,$3,$4,$5,$6,$7,$8,$9,$10) RETURNING "public"."ActivityLog"."id", "public"."ActivityLog"."event", "public"."ActivityLog"."screen", "public"."ActivityLog"."action", "public"."ActivityLog"."method", "public"."ActivityLog"."url", "public"."ActivityLog"."status", "public"."ActivityLog"."message", "public"."ActivityLog"."userEmail", "public"."ActivityLog"."userRole", "public"."ActivityLog"."metadata", "public"."ActivityLog"."createdAt"
[API Request] 2026-09-07T09:51:28.938Z - POST /api/activity
[Mobile Activity] {"time":"2026-09-07T09:51:28.938Z","event":"api_response","method":"GET","url":"http://192.168.10.161:5001/api/notifications","status":200,"message":"Mobile API request completed","userEmail":"parthlu21@gmail.com","userRole":"VISITOR"}
prisma:query INSERT INTO "public"."ActivityLog" ("id","event","method","url","status","message","userEmail","userRole","createdAt") VALUES ($1,$2,$3,$4,$5,$6,$7,$8,$9) RETURNING "public"."ActivityLog"."id", "public"."ActivityLog"."event", "public"."ActivityLog"."screen", "public"."ActivityLog"."action", "public"."ActivityLog"."method", "public"."ActivityLog"."url", "public"."ActivityLog"."status", "public"."ActivityLog"."message", "public"."ActivityLog"."userEmail", "public"."ActivityLog"."userRole", "public"."ActivityLog"."metadata", "public"."ActivityLog"."createdAt"
[API Request] 2026-09-07T09:52:09.041Z - POST /api/new-appointments
[API Request] 2026-09-07T09:52:09.051Z - POST /api/activity
[Mobile Activity] {"time":"2026-09-07T09:52:09.052Z","event":"api_request","method":"POST","url":"http://192.168.10.161:5001/api/new-appointments","message":"Mobile API request started","userEmail":"parthlu21@gmail.com","userRole":"VISITOR"}
prisma:query SELECT COUNT(*) AS "_count$_all" FROM (SELECT "public"."NewAppointment"."id" FROM "public"."NewAppointment" WHERE 1=1 OFFSET $1) AS "sub"
prisma:query INSERT INTO "public"."ActivityLog" ("id","event","method","url","status","message","userEmail","userRole","createdAt") VALUES ($1,$2,$3,$4,$5,$6,$7,$8,$9) RETURNING "public"."ActivityLog"."id", "public"."ActivityLog"."event", "public"."ActivityLog"."screen", "public"."ActivityLog"."action", "public"."ActivityLog"."method", "public"."ActivityLog"."url", "public"."ActivityLog"."status", "public"."ActivityLog"."message", "public"."ActivityLog"."userEmail", "public"."ActivityLog"."userRole", "public"."ActivityLog"."metadata", "public"."ActivityLog"."createdAt"
prisma:query INSERT INTO "public"."NewAppointment" ("id","appointmentId","fullName","mobile","email","company","visitorType","purpose","personToMeet","department","visitDate","arrivalTime","vehicleNumber","notes","status","createdAt","updatedAt") VALUES ($1,$2,$3,$4,$5,$6,$7,$8,$9,$10,$11,$12,$13,$14,$15,$16,$17) RETURNING "public"."NewAppointment"."id", "public"."NewAppointment"."appointmentId", "public"."NewAppointment"."fullName", "public"."NewAppointment"."mobile", "public"."NewAppointment"."email", "public"."NewAppointment"."company", "public"."NewAppointment"."visitorType", "public"."NewAppointment"."purpose", "public"."NewAppointment"."personToMeet", "public"."NewAppointment"."department", "public"."NewAppointment"."visitDate", "public"."NewAppointment"."arrivalTime", "public"."NewAppointment"."vehicleNumber", "public"."NewAppointment"."notes", "public"."NewAppointment"."status", "public"."NewAppointment"."rejectionReason", "public"."NewAppointment"."decidedAt", "public"."NewAppointment"."createdAt", "public"."NewAppointment"."updatedAt"
[New Appointment] {"appointmentId":"APT-000074","fullName":"Parth dev","mobile":"4527346785","purpose":"Interview","personToMeet":"HR Department","createdAt":"2026-09-07T09:52:09.155Z"}
[Push Notification] Preparing to notify Admin of new appointment: APT-000074
prisma:query SELECT "public"."User"."id", "public"."User"."role"::text, "public"."User"."email" FROM "public"."User" WHERE (("public"."User"."role" = CAST($1::text AS "public"."Role") AND "public"."User"."status" = $2) OR "public"."User"."email" = $3) OFFSET $4
[Push] New appointment APT-000074: notifying 2 SUPER_ADMIN user(s)
prisma:query INSERT INTO "public"."Notification" ("id","recipientId","recipientRole","type","title","message","targetScreen","data","isRead","createdAt","updatedAt") VALUES ($1,$2,$3,$4,$5,$6,$7,$8,$9,$10,$11) RETURNING "public"."Notification"."id", "public"."Notification"."recipientId", "public"."Notification"."recipientRole", "public"."Notification"."type", "public"."Notification"."title", "public"."Notification"."message", "public"."Notification"."visitorId", "public"."Notification"."visitId", "public"."Notification"."targetScreen", "public"."Notification"."data", "public"."Notification"."isRead", "public"."Notification"."createdAt", "public"."Notification"."updatedAt"
prisma:query SELECT "public"."PushToken"."id", "public"."PushToken"."userId", "public"."PushToken"."token", "public"."PushToken"."platform", "public"."PushToken"."isActive", "public"."PushToken"."createdAt", "public"."PushToken"."updatedAt" FROM "public"."PushToken" WHERE ("public"."PushToken"."userId" = $1 AND "public"."PushToken"."isActive" = $2) OFFSET $3
[Push] NEW_APPOINTMENT_REQUEST recipient=c0842fe3-0d6e-4dcf-a6df-534007978da9 tokens=0
prisma:query INSERT INTO "public"."Notification" ("id","recipientId","recipientRole","type","title","message","targetScreen","data","isRead","createdAt","updatedAt") VALUES ($1,$2,$3,$4,$5,$6,$7,$8,$9,$10,$11) RETURNING "public"."Notification"."id", "public"."Notification"."recipientId", "public"."Notification"."recipientRole", "public"."Notification"."type", "public"."Notification"."title", "public"."Notification"."message", "public"."Notification"."visitorId", "public"."Notification"."visitId", "public"."Notification"."targetScreen", "public"."Notification"."data", "public"."Notification"."isRead", "public"."Notification"."createdAt", "public"."Notification"."updatedAt"
prisma:query SELECT "public"."PushToken"."id", "public"."PushToken"."userId", "public"."PushToken"."token", "public"."PushToken"."platform", "public"."PushToken"."isActive", "public"."PushToken"."createdAt", "public"."PushToken"."updatedAt" FROM "public"."PushToken" WHERE ("public"."PushToken"."userId" = $1 AND "public"."PushToken"."isActive" = $2) OFFSET $3
[Push] NEW_APPOINTMENT_REQUEST recipient=9c3ac234-21bb-4d9e-a324-da5b1a604490 tokens=11
[Push Dispatcher] Beaming high-priority lock screen notification to channel [max]
[Push Dispatcher] Beaming high-priority lock screen notification to channel [max]
[Push Dispatcher] Beaming high-priority lock screen notification to channel [max]
[Push Dispatcher] Beaming high-priority lock screen notification to channel [max]
[Push Dispatcher] Beaming high-priority lock screen notification to channel [max]
[Push Dispatcher] Beaming high-priority lock screen notification to channel [max]
[Push Dispatcher] Beaming high-priority lock screen notification to channel [max]
[Push Dispatcher] Beaming high-priority lock screen notification to channel [max]
[Push Dispatcher] Beaming high-priority lock screen notification to channel [max]
[Push Dispatcher] Beaming high-priority lock screen notification to channel [max]
[Push Dispatcher] Beaming high-priority lock screen notification to channel [max]
[Push] Expo tickets response: [{"status":"error","message":"Unable to retrieve the FCM server key for the recipient's app. Make sure you have provided a server key as directed by the Expo FCM documentation.","details":{"error":"InvalidCredentials","fault":"developer"}}]
[Push] Expo tickets response: [{"status":"error","message":"Unable to retrieve the FCM server key for the recipient's app. Make sure you have provided a server key as directed by the Expo FCM documentation.","details":{"error":"InvalidCredentials","fault":"developer"}}]
[Push] Expo tickets response: [{"status":"error","message":"Unable to retrieve the FCM server key for the recipient's app. Make sure you have provided a server key as directed by the Expo FCM documentation.","details":{"error":"InvalidCredentials","fault":"developer"}}]
[Push] Expo tickets response: [{"status":"error","message":"Unable to retrieve the FCM server key for the recipient's app. Make sure you have provided a server key as directed by the Expo FCM documentation.","details":{"error":"InvalidCredentials","fault":"developer"}}]
[Push] Expo tickets response: [{"status":"error","message":"Unable to retrieve the FCM server key for the recipient's app. Make sure you have provided a server key as directed by the Expo FCM documentation.","details":{"error":"InvalidCredentials","fault":"developer"}}]
[Push] Expo tickets response: [{"status":"error","message":"Unable to retrieve the FCM server key for the recipient's app. Make sure you have provided a server key as directed by the Expo FCM documentation.","details":{"error":"InvalidCredentials","fault":"developer"}}]
[Push] Expo tickets response: [{"status":"error","message":"Unable to retrieve the FCM server key for the recipient's app. Make sure you have provided a server key as directed by the Expo FCM documentation.","details":{"error":"InvalidCredentials","fault":"developer"}}]
[Push] Expo tickets response: [{"status":"error","message":"Unable to retrieve the FCM server key for the recipient's app. Make sure you have provided a server key as directed by the Expo FCM documentation.","details":{"error":"InvalidCredentials","fault":"developer"}}]
[Push] Expo tickets response: [{"status":"error","message":"Unable to retrieve the FCM server key for the recipient's app. Make sure you have provided a server key as directed by the Expo FCM documentation.","details":{"error":"InvalidCredentials","fault":"developer"}}]
[Push] Expo tickets response: [{"status":"error","message":"Unable to retrieve the FCM server key for the recipient's app. Make sure you have provided a server key as directed by the Expo FCM documentation.","details":{"error":"InvalidCredentials","fault":"developer"}}]
[Push] Expo tickets response: [{"status":"ok","id":"01a07b48-4891-7066-b5e5-fbab58f0a875"}]
[Push Notification] Preparing to notify Host (HR Department) of new appointment: APT-000074
prisma:query SELECT "public"."User"."id", "public"."User"."role"::text FROM "public"."User" WHERE ("public"."User"."role" = CAST($1::text AS "public"."Role") AND "public"."User"."status" = $2 AND ("public"."User"."id" = $3 OR "public"."User"."name" = $4)) OFFSET $5
[Push Notification] Host (HR Department) not found in User collection or not ACTIVE. Push skipped.
[Push Notification] Checking User collection for Visitor email: parth12@gmail.com
prisma:query SELECT "public"."User"."id", "public"."User"."employeeId", "public"."User"."name", "public"."User"."phone", "public"."User"."email", "public"."User"."passwordHash", "public"."User"."role"::text, "public"."User"."department", "public"."User"."designation", "public"."User"."status", "public"."User"."createdAt" FROM "public"."User" WHERE ("public"."User"."email" = $1 AND 1=1) LIMIT $2 OFFSET $3
[Push Notification] Found Visitor in User collection (ID: 78e2396f-7adf-4c3e-8b21-7d0611f97277). Dispatching push notification...
prisma:query INSERT INTO "public"."Notification" ("id","recipientId","type","title","message","targetScreen","data","isRead","createdAt","updatedAt") VALUES ($1,$2,$3,$4,$5,$6,$7,$8,$9,$10) RETURNING "public"."Notification"."id", "public"."Notification"."recipientId", "public"."Notification"."recipientRole", "public"."Notification"."type", "public"."Notification"."title", "public"."Notification"."message", "public"."Notification"."visitorId", "public"."Notification"."visitId", "public"."Notification"."targetScreen", "public"."Notification"."data", "public"."Notification"."isRead", "public"."Notification"."createdAt", "public"."Notification"."updatedAt"
prisma:query SELECT "public"."PushToken"."id", "public"."PushToken"."userId", "public"."PushToken"."token", "public"."PushToken"."platform", "public"."PushToken"."isActive", "public"."PushToken"."createdAt", "public"."PushToken"."updatedAt" FROM "public"."PushToken" WHERE ("public"."PushToken"."userId" = $1 AND "public"."PushToken"."isActive" = $2) OFFSET $3
[Push] NEW_APPOINTMENT_CREATED recipient=78e2396f-7adf-4c3e-8b21-7d0611f97277 tokens=0
[API Request] 2026-09-07T09:52:10.163Z - POST /api/activity
[Mobile Activity] {"time":"2026-09-07T09:52:10.164Z","event":"api_response","method":"POST","url":"http://192.168.10.161:5001/api/new-appointments","status":201,"message":"Mobile API request completed","userEmail":"parthlu21@gmail.com","userRole":"VISITOR"}
prisma:query INSERT INTO "public"."ActivityLog" ("id","event","method","url","status","message","userEmail","userRole","createdAt") VALUES ($1,$2,$3,$4,$5,$6,$7,$8,$9) RETURNING "public"."ActivityLog"."id", "public"."ActivityLog"."event", "public"."ActivityLog"."screen", "public"."ActivityLog"."action", "public"."ActivityLog"."method", "public"."ActivityLog"."url", "public"."ActivityLog"."status", "public"."ActivityLog"."message", "public"."ActivityLog"."userEmail", "public"."ActivityLog"."userRole", "public"."ActivityLog"."metadata", "public"."ActivityLog"."createdAt"
[Socket] User disconnected: 36d8cc34-941f-43f7-9acf-aa094a36c822
[API Request] 2026-09-07T09:52:33.449Z - GET /api/auth/preview?email=keval%40swatiswitchgears.com
[API Request] 2026-09-07T09:52:33.453Z - POST /api/activity
[Mobile Activity] {"time":"2026-09-07T09:52:33.453Z","event":"api_request","method":"GET","url":"http://192.168.10.161:5001/api/auth/preview","message":"Mobile API request started"}
prisma:query SELECT "public"."User"."id", "public"."User"."name", "public"."User"."role"::text, "public"."User"."status" FROM "public"."User" WHERE ("public"."User"."email" = $1 AND 1=1) LIMIT $2 OFFSET $3
prisma:query INSERT INTO "public"."ActivityLog" ("id","event","method","url","status","message","createdAt") VALUES ($1,$2,$3,$4,$5,$6,$7) RETURNING "public"."ActivityLog"."id", "public"."ActivityLog"."event", "public"."ActivityLog"."screen", "public"."ActivityLog"."action", "public"."ActivityLog"."method", "public"."ActivityLog"."url", "public"."ActivityLog"."status", "public"."ActivityLog"."message", "public"."ActivityLog"."userEmail", "public"."ActivityLog"."userRole", "public"."ActivityLog"."metadata", "public"."ActivityLog"."createdAt"
[API Request] 2026-09-07T09:52:33.542Z - POST /api/activity
[Mobile Activity] {"time":"2026-09-07T09:52:33.542Z","event":"api_response","method":"GET","url":"http://192.168.10.161:5001/api/auth/preview","status":200,"message":"Mobile API request completed"}
prisma:query INSERT INTO "public"."ActivityLog" ("id","event","method","url","status","message","createdAt") VALUES ($1,$2,$3,$4,$5,$6,$7) RETURNING "public"."ActivityLog"."id", "public"."ActivityLog"."event", "public"."ActivityLog"."screen", "public"."ActivityLog"."action", "public"."ActivityLog"."method", "public"."ActivityLog"."url", "public"."ActivityLog"."status", "public"."ActivityLog"."message", "public"."ActivityLog"."userEmail", "public"."ActivityLog"."userRole", "public"."ActivityLog"."metadata", "public"."ActivityLog"."createdAt"
[API Request] 2026-09-07T09:52:36.271Z - POST /api/activity
[Mobile Activity] {"time":"2026-09-07T09:52:36.271Z","event":"login_attempt","screen":"Login","action":"Sign In","message":"Login attempt started","metadata":{"email":"keval@swatiswitchgears.com"}}
prisma:query INSERT INTO "public"."ActivityLog" ("id","event","screen","action","status","message","metadata","createdAt") VALUES ($1,$2,$3,$4,$5,$6,$7,$8) RETURNING "public"."ActivityLog"."id", "public"."ActivityLog"."event", "public"."ActivityLog"."screen", "public"."ActivityLog"."action", "public"."ActivityLog"."method", "public"."ActivityLog"."url", "public"."ActivityLog"."status", "public"."ActivityLog"."message", "public"."ActivityLog"."userEmail", "public"."ActivityLog"."userRole", "public"."ActivityLog"."metadata", "public"."ActivityLog"."createdAt"
[API Request] 2026-09-07T09:52:36.356Z - POST /api/activity
[Mobile Activity] {"time":"2026-09-07T09:52:36.356Z","event":"api_request","method":"POST","url":"http://192.168.10.161:5001/api/auth/login","message":"Mobile API request started"}
[API Request] 2026-09-07T09:52:36.358Z - POST /api/auth/login
prisma:query INSERT INTO "public"."ActivityLog" ("id","event","method","url","status","message","createdAt") VALUES ($1,$2,$3,$4,$5,$6,$7) RETURNING "public"."ActivityLog"."id", "public"."ActivityLog"."event", "public"."ActivityLog"."screen", "public"."ActivityLog"."action", "public"."ActivityLog"."method", "public"."ActivityLog"."url", "public"."ActivityLog"."status", "public"."ActivityLog"."message", "public"."ActivityLog"."userEmail", "public"."ActivityLog"."userRole", "public"."ActivityLog"."metadata", "public"."ActivityLog"."createdAt"
prisma:query SELECT "public"."User"."id", "public"."User"."employeeId", "public"."User"."name", "public"."User"."phone", "public"."User"."email", "public"."User"."passwordHash", "public"."User"."role"::text, "public"."User"."department", "public"."User"."designation", "public"."User"."status", "public"."User"."createdAt" FROM "public"."User" WHERE ("public"."User"."email" = $1 AND 1=1) LIMIT $2 OFFSET $3
[API Request] 2026-09-07T09:52:36.473Z - POST /api/activity
[Mobile Activity] {"time":"2026-09-07T09:52:36.474Z","event":"api_response","method":"POST","url":"http://192.168.10.161:5001/api/auth/login","status":200,"message":"Mobile API request completed"}
prisma:query INSERT INTO "public"."ActivityLog" ("id","event","method","url","status","message","createdAt") VALUES ($1,$2,$3,$4,$5,$6,$7) RETURNING "public"."ActivityLog"."id", "public"."ActivityLog"."event", "public"."ActivityLog"."screen", "public"."ActivityLog"."action", "public"."ActivityLog"."method", "public"."ActivityLog"."url", "public"."ActivityLog"."status", "public"."ActivityLog"."message", "public"."ActivityLog"."userEmail", "public"."ActivityLog"."userRole", "public"."ActivityLog"."metadata", "public"."ActivityLog"."createdAt"
[API Request] 2026-09-07T09:52:36.920Z - POST /api/activity
[Mobile Activity] {"time":"2026-09-07T09:52:36.920Z","event":"login_success","screen":"Login","action":"Sign In","message":"Login successful","userEmail":"keval@swatiswitchgears.com","userRole":"SUPER_ADMIN","metadata":{"email":"keval@swatiswitchgears.com","role":"SUPER_ADMIN"}}
[API Request] 2026-09-07T09:52:36.922Z - POST /api/activity
[Mobile Activity] {"time":"2026-09-07T09:52:36.922Z","event":"api_request","method":"GET","url":"http://192.168.10.161:5001/api/notifications","message":"Mobile API request started","userEmail":"keval@swatiswitchgears.com","userRole":"SUPER_ADMIN"}
prisma:query INSERT INTO "public"."ActivityLog" ("id","event","screen","action","status","message","userEmail","userRole","metadata","createdAt") VALUES ($1,$2,$3,$4,$5,$6,$7,$8,$9,$10) RETURNING "public"."ActivityLog"."id", "public"."ActivityLog"."event", "public"."ActivityLog"."screen", "public"."ActivityLog"."action", "public"."ActivityLog"."method", "public"."ActivityLog"."url", "public"."ActivityLog"."status", "public"."ActivityLog"."message", "public"."ActivityLog"."userEmail", "public"."ActivityLog"."userRole", "public"."ActivityLog"."metadata", "public"."ActivityLog"."createdAt"
prisma:query INSERT INTO "public"."ActivityLog" ("id","event","method","url","status","message","userEmail","userRole","createdAt") VALUES ($1,$2,$3,$4,$5,$6,$7,$8,$9) RETURNING "public"."ActivityLog"."id", "public"."ActivityLog"."event", "public"."ActivityLog"."screen", "public"."ActivityLog"."action", "public"."ActivityLog"."method", "public"."ActivityLog"."url", "public"."ActivityLog"."status", "public"."ActivityLog"."message", "public"."ActivityLog"."userEmail", "public"."ActivityLog"."userRole", "public"."ActivityLog"."metadata", "public"."ActivityLog"."createdAt"
[API Request] 2026-09-07T09:52:36.933Z - POST /api/activity
[Mobile Activity] {"time":"2026-09-07T09:52:36.933Z","event":"api_request","method":"GET","url":"http://192.168.10.161:5001/api/admin/dashboard","message":"Mobile API request started","userEmail":"keval@swatiswitchgears.com","userRole":"SUPER_ADMIN"}
[API Request] 2026-09-07T09:52:36.935Z - GET /api/notifications
[API Request] 2026-09-07T09:52:36.936Z - GET /api/admin/dashboard
prisma:query INSERT INTO "public"."ActivityLog" ("id","event","method","url","status","message","userEmail","userRole","createdAt") VALUES ($1,$2,$3,$4,$5,$6,$7,$8,$9) RETURNING "public"."ActivityLog"."id", "public"."ActivityLog"."event", "public"."ActivityLog"."screen", "public"."ActivityLog"."action", "public"."ActivityLog"."method", "public"."ActivityLog"."url", "public"."ActivityLog"."status", "public"."ActivityLog"."message", "public"."ActivityLog"."userEmail", "public"."ActivityLog"."userRole", "public"."ActivityLog"."metadata", "public"."ActivityLog"."createdAt"
prisma:query SELECT "public"."Notification"."id", "public"."Notification"."recipientId", "public"."Notification"."recipientRole", "public"."Notification"."type", "public"."Notification"."title", "public"."Notification"."message", "public"."Notification"."visitorId", "public"."Notification"."visitId", "public"."Notification"."targetScreen", "public"."Notification"."data", "public"."Notification"."isRead", "public"."Notification"."createdAt", "public"."Notification"."updatedAt" FROM "public"."Notification" WHERE "public"."Notification"."recipientId" = $1 ORDER BY "public"."Notification"."createdAt" DESC LIMIT $2 OFFSET $3
[Socket] User connected: 9c3ac234-21bb-4d9e-a324-da5b1a604490
prisma:query SELECT COUNT(*) AS "_count$_all" FROM (SELECT "public"."NewAppointment"."id" FROM "public"."NewAppointment" WHERE 1=1 OFFSET $1) AS "sub"
prisma:query SELECT COUNT(*) AS "_count$_all" FROM (SELECT "public"."Visit"."id" FROM "public"."Visit" WHERE ("public"."Visit"."status" = CAST($1::text AS "public"."VisitStatus") AND "public"."Visit"."checkInAt" IS NOT NULL AND "public"."Visit"."checkOutAt" IS NULL) OFFSET $2) AS "sub"
[API Request] 2026-09-07T09:52:37.019Z - POST /api/activity
[Mobile Activity] {"time":"2026-09-07T09:52:37.020Z","event":"api_response","method":"GET","url":"http://192.168.10.161:5001/api/notifications","status":200,"message":"Mobile API request completed","userEmail":"keval@swatiswitchgears.com","userRole":"SUPER_ADMIN"}
prisma:query INSERT INTO "public"."ActivityLog" ("id","event","method","url","status","message","userEmail","userRole","createdAt") VALUES ($1,$2,$3,$4,$5,$6,$7,$8,$9) RETURNING "public"."ActivityLog"."id", "public"."ActivityLog"."event", "public"."ActivityLog"."screen", "public"."ActivityLog"."action", "public"."ActivityLog"."method", "public"."ActivityLog"."url", "public"."ActivityLog"."status", "public"."ActivityLog"."message", "public"."ActivityLog"."userEmail", "public"."ActivityLog"."userRole", "public"."ActivityLog"."metadata", "public"."ActivityLog"."createdAt"
prisma:query SELECT COUNT(*) AS "_count$_all" FROM (SELECT "public"."NewAppointment"."id" FROM "public"."NewAppointment" WHERE "public"."NewAppointment"."status" = $1 OFFSET $2) AS "sub"
prisma:query SELECT COUNT(*) AS "_count$_all" FROM (SELECT "public"."NewAppointment"."id" FROM "public"."NewAppointment" WHERE "public"."NewAppointment"."visitDate" = $1 OFFSET $2) AS "sub"
prisma:query SELECT "public"."User"."id", "public"."User"."name" FROM "public"."User" WHERE ("public"."User"."id" = $1 AND 1=1) LIMIT $2 OFFSET $3
prisma:query SELECT COUNT("public"."User"."id") AS "_count$id", "public"."User"."department" FROM "public"."User" WHERE ("public"."User"."role" = CAST($1::text AS "public"."Role") AND "public"."User"."status" = $2 AND "public"."User"."department" IS NOT NULL) GROUP BY "public"."User"."department" OFFSET $3
prisma:query SELECT COUNT(*) AS "_count$_all" FROM (SELECT "public"."User"."id" FROM "public"."User" WHERE ("public"."User"."role" = CAST($1::text AS "public"."Role") AND "public"."User"."status" = $2) OFFSET $3) AS "sub"
[API Request] 2026-09-07T09:52:37.123Z - POST /api/activity
[Mobile Activity] {"time":"2026-09-07T09:52:37.125Z","event":"api_response","method":"GET","url":"http://192.168.10.161:5001/api/admin/dashboard","status":200,"message":"Mobile API request completed","userEmail":"keval@swatiswitchgears.com","userRole":"SUPER_ADMIN"}
prisma:query INSERT INTO "public"."ActivityLog" ("id","event","method","url","status","message","userEmail","userRole","createdAt") VALUES ($1,$2,$3,$4,$5,$6,$7,$8,$9) RETURNING "public"."ActivityLog"."id", "public"."ActivityLog"."event", "public"."ActivityLog"."screen", "public"."ActivityLog"."action", "public"."ActivityLog"."method", "public"."ActivityLog"."url", "public"."ActivityLog"."status", "public"."ActivityLog"."message", "public"."ActivityLog"."userEmail", "public"."ActivityLog"."userRole", "public"."ActivityLog"."metadata", "public"."ActivityLog"."createdAt"
[API Request] 2026-09-07T09:52:38.690Z - POST /api/activity
[Mobile Activity] {"time":"2026-09-07T09:52:38.692Z","event":"api_request","method":"GET","url":"http://192.168.10.161:5001/api/new-appointments?all=true","message":"Mobile API request started","userEmail":"keval@swatiswitchgears.com","userRole":"SUPER_ADMIN"}
[API Request] 2026-09-07T09:52:38.696Z - GET /api/new-appointments?all=true
prisma:query INSERT INTO "public"."ActivityLog" ("id","event","method","url","status","message","userEmail","userRole","createdAt") VALUES ($1,$2,$3,$4,$5,$6,$7,$8,$9) RETURNING "public"."ActivityLog"."id", "public"."ActivityLog"."event", "public"."ActivityLog"."screen", "public"."ActivityLog"."action", "public"."ActivityLog"."method", "public"."ActivityLog"."url", "public"."ActivityLog"."status", "public"."ActivityLog"."message", "public"."ActivityLog"."userEmail", "public"."ActivityLog"."userRole", "public"."ActivityLog"."metadata", "public"."ActivityLog"."createdAt"
prisma:query SELECT "public"."NewAppointment"."id", "public"."NewAppointment"."appointmentId", "public"."NewAppointment"."fullName", "public"."NewAppointment"."mobile", "public"."NewAppointment"."email", "public"."NewAppointment"."company", "public"."NewAppointment"."visitorType", "public"."NewAppointment"."purpose", "public"."NewAppointment"."personToMeet", "public"."NewAppointment"."department", "public"."NewAppointment"."visitDate", "public"."NewAppointment"."arrivalTime", "public"."NewAppointment"."vehicleNumber", "public"."NewAppointment"."notes", "public"."NewAppointment"."status", "public"."NewAppointment"."rejectionReason", "public"."NewAppointment"."decidedAt", "public"."NewAppointment"."createdAt", "public"."NewAppointment"."updatedAt" FROM "public"."NewAppointment" WHERE 1=1 ORDER BY "public"."NewAppointment"."createdAt" DESC OFFSET $1
[API Request] 2026-09-07T09:52:38.766Z - POST /api/activity
[Mobile Activity] {"time":"2026-09-07T09:52:38.766Z","event":"api_response","method":"GET","url":"http://192.168.10.161:5001/api/new-appointments?all=true","status":200,"message":"Mobile API request completed","userEmail":"keval@swatiswitchgears.com","userRole":"SUPER_ADMIN"}
[API Request] 2026-09-07T09:52:38.769Z - POST /api/activity
[Mobile Activity] {"time":"2026-09-07T09:52:38.769Z","event":"admin_approval_list_loaded","screen":"Admin Approvals","message":"All new appointments loaded","userEmail":"keval@swatiswitchgears.com","userRole":"SUPER_ADMIN","metadata":{"count":74}}
prisma:query INSERT INTO "public"."ActivityLog" ("id","event","method","url","status","message","userEmail","userRole","createdAt") VALUES ($1,$2,$3,$4,$5,$6,$7,$8,$9) RETURNING "public"."ActivityLog"."id", "public"."ActivityLog"."event", "public"."ActivityLog"."screen", "public"."ActivityLog"."action", "public"."ActivityLog"."method", "public"."ActivityLog"."url", "public"."ActivityLog"."status", "public"."ActivityLog"."message", "public"."ActivityLog"."userEmail", "public"."ActivityLog"."userRole", "public"."ActivityLog"."metadata", "public"."ActivityLog"."createdAt"
prisma:query INSERT INTO "public"."ActivityLog" ("id","event","screen","status","message","userEmail","userRole","metadata","createdAt") VALUES ($1,$2,$3,$4,$5,$6,$7,$8,$9) RETURNING "public"."ActivityLog"."id", "public"."ActivityLog"."event", "public"."ActivityLog"."screen", "public"."ActivityLog"."action", "public"."ActivityLog"."method", "public"."ActivityLog"."url", "public"."ActivityLog"."status", "public"."ActivityLog"."message", "public"."ActivityLog"."userEmail", "public"."ActivityLog"."userRole", "public"."ActivityLog"."metadata", "public"."ActivityLog"."createdAt"
[Socket] User disconnected: 9c3ac234-21bb-4d9e-a324-da5b1a604490
[API Request] 2026-09-07T09:52:55.271Z - POST /api/activity
[Mobile Activity] {"time":"2026-09-07T09:52:55.272Z","event":"api_request","method":"GET","url":"http://192.168.10.161:5001/api/auth/preview","message":"Mobile API request started"}
[API Request] 2026-09-07T09:52:55.277Z - GET /api/auth/preview?email=parth123%40gmail.com
prisma:query INSERT INTO "public"."ActivityLog" ("id","event","method","url","status","message","createdAt") VALUES ($1,$2,$3,$4,$5,$6,$7) RETURNING "public"."ActivityLog"."id", "public"."ActivityLog"."event", "public"."ActivityLog"."screen", "public"."ActivityLog"."action", "public"."ActivityLog"."method", "public"."ActivityLog"."url", "public"."ActivityLog"."status", "public"."ActivityLog"."message", "public"."ActivityLog"."userEmail", "public"."ActivityLog"."userRole", "public"."ActivityLog"."metadata", "public"."ActivityLog"."createdAt"
prisma:query SELECT "public"."User"."id", "public"."User"."name", "public"."User"."role"::text, "public"."User"."status" FROM "public"."User" WHERE ("public"."User"."email" = $1 AND 1=1) LIMIT $2 OFFSET $3
[API Request] 2026-09-07T09:52:55.368Z - POST /api/activity
[Mobile Activity] {"time":"2026-09-07T09:52:55.369Z","event":"api_response","method":"GET","url":"http://192.168.10.161:5001/api/auth/preview","status":200,"message":"Mobile API request completed"}
prisma:query INSERT INTO "public"."ActivityLog" ("id","event","method","url","status","message","createdAt") VALUES ($1,$2,$3,$4,$5,$6,$7) RETURNING "public"."ActivityLog"."id", "public"."ActivityLog"."event", "public"."ActivityLog"."screen", "public"."ActivityLog"."action", "public"."ActivityLog"."method", "public"."ActivityLog"."url", "public"."ActivityLog"."status", "public"."ActivityLog"."message", "public"."ActivityLog"."userEmail", "public"."ActivityLog"."userRole", "public"."ActivityLog"."metadata", "public"."ActivityLog"."createdAt"
[API Request] 2026-09-07T09:52:56.542Z - POST /api/activity
[Mobile Activity] {"time":"2026-09-07T09:52:56.543Z","event":"login_attempt","screen":"Login","action":"Sign In","message":"Login attempt started","metadata":{"email":"parth123@gmail.com"}}
prisma:query INSERT INTO "public"."ActivityLog" ("id","event","screen","action","status","message","metadata","createdAt") VALUES ($1,$2,$3,$4,$5,$6,$7,$8) RETURNING "public"."ActivityLog"."id", "public"."ActivityLog"."event", "public"."ActivityLog"."screen", "public"."ActivityLog"."action", "public"."ActivityLog"."method", "public"."ActivityLog"."url", "public"."ActivityLog"."status", "public"."ActivityLog"."message", "public"."ActivityLog"."userEmail", "public"."ActivityLog"."userRole", "public"."ActivityLog"."metadata", "public"."ActivityLog"."createdAt"
[API Request] 2026-09-07T09:52:56.591Z - POST /api/activity
[Mobile Activity] {"time":"2026-09-07T09:52:56.593Z","event":"api_request","method":"POST","url":"http://192.168.10.161:5001/api/auth/login","message":"Mobile API request started"}
[API Request] 2026-09-07T09:52:56.599Z - POST /api/auth/login
prisma:query INSERT INTO "public"."ActivityLog" ("id","event","method","url","status","message","createdAt") VALUES ($1,$2,$3,$4,$5,$6,$7) RETURNING "public"."ActivityLog"."id", "public"."ActivityLog"."event", "public"."ActivityLog"."screen", "public"."ActivityLog"."action", "public"."ActivityLog"."method", "public"."ActivityLog"."url", "public"."ActivityLog"."status", "public"."ActivityLog"."message", "public"."ActivityLog"."userEmail", "public"."ActivityLog"."userRole", "public"."ActivityLog"."metadata", "public"."ActivityLog"."createdAt"
prisma:query SELECT "public"."User"."id", "public"."User"."employeeId", "public"."User"."name", "public"."User"."phone", "public"."User"."email", "public"."User"."passwordHash", "public"."User"."role"::text, "public"."User"."department", "public"."User"."designation", "public"."User"."status", "public"."User"."createdAt" FROM "public"."User" WHERE ("public"."User"."email" = $1 AND 1=1) LIMIT $2 OFFSET $3
[API Request] 2026-09-07T09:52:56.849Z - POST /api/activity
[Mobile Activity] {"time":"2026-09-07T09:52:56.849Z","event":"api_response","method":"POST","url":"http://192.168.10.161:5001/api/auth/login","status":200,"message":"Mobile API request completed"}
prisma:query INSERT INTO "public"."ActivityLog" ("id","event","method","url","status","message","createdAt") VALUES ($1,$2,$3,$4,$5,$6,$7) RETURNING "public"."ActivityLog"."id", "public"."ActivityLog"."event", "public"."ActivityLog"."screen", "public"."ActivityLog"."action", "public"."ActivityLog"."method", "public"."ActivityLog"."url", "public"."ActivityLog"."status", "public"."ActivityLog"."message", "public"."ActivityLog"."userEmail", "public"."ActivityLog"."userRole", "public"."ActivityLog"."metadata", "public"."ActivityLog"."createdAt"
[API Request] 2026-09-07T09:52:57.371Z - POST /api/activity
[Mobile Activity] {"time":"2026-09-07T09:52:57.373Z","event":"login_success","screen":"Login","action":"Sign In","message":"Login successful","userEmail":"parth123@gmail.com","userRole":"EMPLOYEE","metadata":{"email":"parth123@gmail.com","role":"EMPLOYEE"}}
[API Request] 2026-09-07T09:52:57.378Z - POST /api/activity
[Mobile Activity] {"time":"2026-09-07T09:52:57.379Z","event":"api_request","method":"GET","url":"http://192.168.10.161:5001/api/employees/dashboard","message":"Mobile API request started","userEmail":"parth123@gmail.com","userRole":"EMPLOYEE"}
prisma:query INSERT INTO "public"."ActivityLog" ("id","event","screen","action","status","message","userEmail","userRole","metadata","createdAt") VALUES ($1,$2,$3,$4,$5,$6,$7,$8,$9,$10) RETURNING "public"."ActivityLog"."id", "public"."ActivityLog"."event", "public"."ActivityLog"."screen", "public"."ActivityLog"."action", "public"."ActivityLog"."method", "public"."ActivityLog"."url", "public"."ActivityLog"."status", "public"."ActivityLog"."message", "public"."ActivityLog"."userEmail", "public"."ActivityLog"."userRole", "public"."ActivityLog"."metadata", "public"."ActivityLog"."createdAt"
[API Request] 2026-09-07T09:52:57.390Z - POST /api/activity
[Mobile Activity] {"time":"2026-09-07T09:52:57.391Z","event":"api_request","method":"GET","url":"http://192.168.10.161:5001/api/notifications","message":"Mobile API request started","userEmail":"parth123@gmail.com","userRole":"EMPLOYEE"}
prisma:query INSERT INTO "public"."ActivityLog" ("id","event","method","url","status","message","userEmail","userRole","createdAt") VALUES ($1,$2,$3,$4,$5,$6,$7,$8,$9) RETURNING "public"."ActivityLog"."id", "public"."ActivityLog"."event", "public"."ActivityLog"."screen", "public"."ActivityLog"."action", "public"."ActivityLog"."method", "public"."ActivityLog"."url", "public"."ActivityLog"."status", "public"."ActivityLog"."message", "public"."ActivityLog"."userEmail", "public"."ActivityLog"."userRole", "public"."ActivityLog"."metadata", "public"."ActivityLog"."createdAt"
prisma:query INSERT INTO "public"."ActivityLog" ("id","event","method","url","status","message","userEmail","userRole","createdAt") VALUES ($1,$2,$3,$4,$5,$6,$7,$8,$9) RETURNING "public"."ActivityLog"."id", "public"."ActivityLog"."event", "public"."ActivityLog"."screen", "public"."ActivityLog"."action", "public"."ActivityLog"."method", "public"."ActivityLog"."url", "public"."ActivityLog"."status", "public"."ActivityLog"."message", "public"."ActivityLog"."userEmail", "public"."ActivityLog"."userRole", "public"."ActivityLog"."metadata", "public"."ActivityLog"."createdAt"
[Socket] User connected: 41065189-8bb6-43cd-82a8-720800763a88
[API Request] 2026-09-07T09:52:57.401Z - GET /api/notifications
prisma:query SELECT "public"."Notification"."id", "public"."Notification"."recipientId", "public"."Notification"."recipientRole", "public"."Notification"."type", "public"."Notification"."title", "public"."Notification"."message", "public"."Notification"."visitorId", "public"."Notification"."visitId", "public"."Notification"."targetScreen", "public"."Notification"."data", "public"."Notification"."isRead", "public"."Notification"."createdAt", "public"."Notification"."updatedAt" FROM "public"."Notification" WHERE "public"."Notification"."recipientId" = $1 ORDER BY "public"."Notification"."createdAt" DESC LIMIT $2 OFFSET $3
[API Request] 2026-09-07T09:52:57.411Z - GET /api/employees/dashboard
prisma:query SELECT "public"."Visit"."id", "public"."Visit"."visitorId" FROM "public"."Visit" WHERE "public"."Visit"."hostId" = $1 OFFSET $2
prisma:query SELECT COUNT(*) AS "_count$_all" FROM (SELECT "public"."Visit"."id" FROM "public"."Visit" WHERE "public"."Visit"."hostId" = $1 OFFSET $2) AS "sub"
prisma:query SELECT COUNT(*) AS "_count$_all" FROM (SELECT "public"."Visit"."id" FROM "public"."Visit" WHERE ("public"."Visit"."hostId" = $1 AND "public"."Visit"."status" = CAST($2::text AS "public"."VisitStatus") AND "public"."Visit"."checkInAt" IS NOT NULL AND "public"."Visit"."checkOutAt" IS NULL) OFFSET $3) AS "sub"
prisma:query SELECT COUNT(*) AS "_count$_all" FROM (SELECT "public"."Visit"."id" FROM "public"."Visit" WHERE ("public"."Visit"."hostId" = $1 AND "public"."Visit"."scheduledAt" >= $2 AND "public"."Visit"."scheduledAt" <= $3 AND "public"."Visit"."status" IN (CAST($4::text AS "public"."VisitStatus"),CAST($5::text AS "public"."VisitStatus"))) OFFSET $6) AS "sub"
prisma:query SELECT COUNT(*) AS "_count$_all" FROM (SELECT "public"."Visit"."id" FROM "public"."Visit" WHERE "public"."Visit"."hostId" = $1 OFFSET $2) AS "sub"
[API Request] 2026-09-07T09:52:57.477Z - POST /api/activity
[Mobile Activity] {"time":"2026-09-07T09:52:57.477Z","event":"api_response","method":"GET","url":"http://192.168.10.161:5001/api/notifications","status":200,"message":"Mobile API request completed","userEmail":"parth123@gmail.com","userRole":"EMPLOYEE"}
prisma:query INSERT INTO "public"."ActivityLog" ("id","event","method","url","status","message","userEmail","userRole","createdAt") VALUES ($1,$2,$3,$4,$5,$6,$7,$8,$9) RETURNING "public"."ActivityLog"."id", "public"."ActivityLog"."event", "public"."ActivityLog"."screen", "public"."ActivityLog"."action", "public"."ActivityLog"."method", "public"."ActivityLog"."url", "public"."ActivityLog"."status", "public"."ActivityLog"."message", "public"."ActivityLog"."userEmail", "public"."ActivityLog"."userRole", "public"."ActivityLog"."metadata", "public"."ActivityLog"."createdAt"
[API Request] 2026-09-07T09:52:57.590Z - POST /api/activity
[Mobile Activity] {"time":"2026-09-07T09:52:57.595Z","event":"api_response","method":"GET","url":"http://192.168.10.161:5001/api/employees/dashboard","status":200,"message":"Mobile API request completed","userEmail":"parth123@gmail.com","userRole":"EMPLOYEE"}
prisma:query INSERT INTO "public"."ActivityLog" ("id","event","method","url","status","message","userEmail","userRole","createdAt") VALUES ($1,$2,$3,$4,$5,$6,$7,$8,$9) RETURNING "public"."ActivityLog"."id", "public"."ActivityLog"."event", "public"."ActivityLog"."screen", "public"."ActivityLog"."action", "public"."ActivityLog"."method", "public"."ActivityLog"."url", "public"."ActivityLog"."status", "public"."ActivityLog"."message", "public"."ActivityLog"."userEmail", "public"."ActivityLog"."userRole", "public"."ActivityLog"."metadata", "public"."ActivityLog"."createdAt"
[API Request] 2026-09-07T09:52:59.936Z - POST /api/activity
[Mobile Activity] {"time":"2026-09-07T09:52:59.938Z","event":"api_request","method":"GET","url":"http://192.168.10.161:5001/api/employees/visits","message":"Mobile API request started","userEmail":"parth123@gmail.com","userRole":"EMPLOYEE"}
prisma:query INSERT INTO "public"."ActivityLog" ("id","event","method","url","status","message","userEmail","userRole","createdAt") VALUES ($1,$2,$3,$4,$5,$6,$7,$8,$9) RETURNING "public"."ActivityLog"."id", "public"."ActivityLog"."event", "public"."ActivityLog"."screen", "public"."ActivityLog"."action", "public"."ActivityLog"."method", "public"."ActivityLog"."url", "public"."ActivityLog"."status", "public"."ActivityLog"."message", "public"."ActivityLog"."userEmail", "public"."ActivityLog"."userRole", "public"."ActivityLog"."metadata", "public"."ActivityLog"."createdAt"
[API Request] 2026-09-07T09:52:59.947Z - GET /api/employees/visits?filter=my
prisma:query SELECT "public"."Visit"."id", "public"."Visit"."displayId", "public"."Visit"."visitorId", "public"."Visit"."hostId", "public"."Visit"."createdBy", "public"."Visit"."purpose", "public"."Visit"."scheduledAt", "public"."Visit"."status"::text, "public"."Visit"."checkInAt", "public"."Visit"."checkOutAt", "public"."Visit"."createdAt" FROM "public"."Visit" WHERE "public"."Visit"."hostId" = $1 ORDER BY "public"."Visit"."scheduledAt" ASC LIMIT $2 OFFSET $3
prisma:query SELECT "public"."User"."id", "public"."User"."name", "public"."User"."email", "public"."User"."department" FROM "public"."User" WHERE "public"."User"."id" IN ($1,$2) OFFSET $3
prisma:query SELECT "public"."VisitorProfile"."id", "public"."VisitorProfile"."name", "public"."VisitorProfile"."phone", "public"."VisitorProfile"."email", "public"."VisitorProfile"."photoUrl", "public"."VisitorProfile"."idType", "public"."VisitorProfile"."idNumber", "public"."VisitorProfile"."createdAt" FROM "public"."VisitorProfile" WHERE "public"."VisitorProfile"."id" IN ($1,$2) OFFSET $3
[API Request] 2026-09-07T09:53:00.033Z - POST /api/activity
[Mobile Activity] {"time":"2026-09-07T09:53:00.033Z","event":"api_response","method":"GET","url":"http://192.168.10.161:5001/api/employees/visits","status":200,"message":"Mobile API request completed","userEmail":"parth123@gmail.com","userRole":"EMPLOYEE"}
prisma:query INSERT INTO "public"."ActivityLog" ("id","event","method","url","status","message","userEmail","userRole","createdAt") VALUES ($1,$2,$3,$4,$5,$6,$7,$8,$9) RETURNING "public"."ActivityLog"."id", "public"."ActivityLog"."event", "public"."ActivityLog"."screen", "public"."ActivityLog"."action", "public"."ActivityLog"."method", "public"."ActivityLog"."url", "public"."ActivityLog"."status", "public"."ActivityLog"."message", "public"."ActivityLog"."userEmail", "public"."ActivityLog"."userRole", "public"."ActivityLog"."metadata", "public"."ActivityLog"."createdAt"
[API Request] 2026-09-07T09:53:08.579Z - GET /api/employees/visits?filter=upcoming
[API Request] 2026-09-07T09:53:08.586Z - POST /api/activity
[Mobile Activity] {"time":"2026-09-07T09:53:08.586Z","event":"api_request","method":"GET","url":"http://192.168.10.161:5001/api/employees/visits","message":"Mobile API request started","userEmail":"parth123@gmail.com","userRole":"EMPLOYEE"}
prisma:query SELECT "public"."Visit"."id", "public"."Visit"."displayId", "public"."Visit"."visitorId", "public"."Visit"."hostId", "public"."Visit"."createdBy", "public"."Visit"."purpose", "public"."Visit"."scheduledAt", "public"."Visit"."status"::text, "public"."Visit"."checkInAt", "public"."Visit"."checkOutAt", "public"."Visit"."createdAt" FROM "public"."Visit" WHERE ("public"."Visit"."hostId" = $1 AND "public"."Visit"."status" IN (CAST($2::text AS "public"."VisitStatus"),CAST($3::text AS "public"."VisitStatus")) AND "public"."Visit"."scheduledAt" >= $4 AND "public"."Visit"."scheduledAt" <= $5) ORDER BY "public"."Visit"."scheduledAt" ASC LIMIT $6 OFFSET $7
prisma:query SELECT "public"."VisitorProfile"."id", "public"."VisitorProfile"."name", "public"."VisitorProfile"."phone", "public"."VisitorProfile"."email", "public"."VisitorProfile"."photoUrl", "public"."VisitorProfile"."idType", "public"."VisitorProfile"."idNumber", "public"."VisitorProfile"."createdAt" FROM "public"."VisitorProfile" WHERE "public"."VisitorProfile"."id" IN ($1,$2) OFFSET $3
prisma:query INSERT INTO "public"."ActivityLog" ("id","event","method","url","status","message","userEmail","userRole","createdAt") VALUES ($1,$2,$3,$4,$5,$6,$7,$8,$9) RETURNING "public"."ActivityLog"."id", "public"."ActivityLog"."event", "public"."ActivityLog"."screen", "public"."ActivityLog"."action", "public"."ActivityLog"."method", "public"."ActivityLog"."url", "public"."ActivityLog"."status", "public"."ActivityLog"."message", "public"."ActivityLog"."userEmail", "public"."ActivityLog"."userRole", "public"."ActivityLog"."metadata", "public"."ActivityLog"."createdAt"
prisma:query SELECT "public"."User"."id", "public"."User"."name", "public"."User"."email", "public"."User"."department" FROM "public"."User" WHERE "public"."User"."id" IN ($1,$2) OFFSET $3
[API Request] 2026-09-07T09:53:08.693Z - POST /api/activity
[Mobile Activity] {"time":"2026-09-07T09:53:08.693Z","event":"api_response","method":"GET","url":"http://192.168.10.161:5001/api/employees/visits","status":200,"message":"Mobile API request completed","userEmail":"parth123@gmail.com","userRole":"EMPLOYEE"}
prisma:query INSERT INTO "public"."ActivityLog" ("id","event","method","url","status","message","userEmail","userRole","createdAt") VALUES ($1,$2,$3,$4,$5,$6,$7,$8,$9) RETURNING "public"."ActivityLog"."id", "public"."ActivityLog"."event", "public"."ActivityLog"."screen", "public"."ActivityLog"."action", "public"."ActivityLog"."method", "public"."ActivityLog"."url", "public"."ActivityLog"."status", "public"."ActivityLog"."message", "public"."ActivityLog"."userEmail", "public"."ActivityLog"."userRole", "public"."ActivityLog"."metadata", "public"."ActivityLog"."createdAt"
[API Request] 2026-09-07T09:53:15.672Z - PATCH /api/notifications/fbb1105c-844d-43fe-9813-a21b7451c99b/read
[API Request] 2026-09-07T09:53:15.686Z - POST /api/activity
[Mobile Activity] {"time":"2026-09-07T09:53:15.688Z","event":"api_request","method":"PATCH","url":"http://192.168.10.161:5001/api/notifications/fbb1105c-844d-43fe-9813-a21b7451c99b/read","message":"Mobile API request started","userEmail":"parth123@gmail.com","userRole":"EMPLOYEE"}
prisma:query INSERT INTO "public"."ActivityLog" ("id","event","method","url","status","message","userEmail","userRole","createdAt") VALUES ($1,$2,$3,$4,$5,$6,$7,$8,$9) RETURNING "public"."ActivityLog"."id", "public"."ActivityLog"."event", "public"."ActivityLog"."screen", "public"."ActivityLog"."action", "public"."ActivityLog"."method", "public"."ActivityLog"."url", "public"."ActivityLog"."status", "public"."ActivityLog"."message", "public"."ActivityLog"."userEmail", "public"."ActivityLog"."userRole", "public"."ActivityLog"."metadata", "public"."ActivityLog"."createdAt"
prisma:query UPDATE "public"."Notification" SET "isRead" = $1, "updatedAt" = $2 WHERE ("public"."Notification"."id" = $3 AND "public"."Notification"."recipientId" = $4)
prisma:query COMMIT
[API Request] 2026-09-07T09:53:15.728Z - POST /api/activity
[Mobile Activity] {"time":"2026-09-07T09:53:15.728Z","event":"api_response","method":"PATCH","url":"http://192.168.10.161:5001/api/notifications/fbb1105c-844d-43fe-9813-a21b7451c99b/read","status":200,"message":"Mobile API request completed","userEmail":"parth123@gmail.com","userRole":"EMPLOYEE"}
prisma:query INSERT INTO "public"."ActivityLog" ("id","event","method","url","status","message","userEmail","userRole","createdAt") VALUES ($1,$2,$3,$4,$5,$6,$7,$8,$9) RETURNING "public"."ActivityLog"."id", "public"."ActivityLog"."event", "public"."ActivityLog"."screen", "public"."ActivityLog"."action", "public"."ActivityLog"."method", "public"."ActivityLog"."url", "public"."ActivityLog"."status", "public"."ActivityLog"."message", "public"."ActivityLog"."userEmail", "public"."ActivityLog"."userRole", "public"."ActivityLog"."metadata", "public"."ActivityLog"."createdAt"
[Socket] User disconnected: 41065189-8bb6-43cd-82a8-720800763a88
3:52:47 pm [tsx] change in ./..\node_modules\.prisma\client\query_compiler_fast_bg.wasm-base64.js Restarting...
◇ injected env (3) from .env // tip: ⌁ auth for agents [www.vestauth.com]
[server]: Server is running at http://0.0.0.0:5001
3:54:48 pm [tsx] change in ./src\controllers\appointment.controller.ts Restarting...
◇ injected env (3) from .env // tip: ◈ secrets for agents [www.dotenvx.com]
[server]: Server is running at http://0.0.0.0:5001
[API Request] 2026-09-07T10:45:04.581Z - GET /
[API Request] 2026-09-07T10:46:57.672Z - POST /api/activity
[Mobile Activity] {"time":"2026-09-07T10:46:57.678Z","event":"api_request","method":"GET","url":"http://192.168.10.161:5001/api/notifications","message":"Mobile API request started","userEmail":"parth123@gmail.com","userRole":"EMPLOYEE"}
[API Request] 2026-09-07T10:46:58.349Z - POST /api/activity
[Mobile Activity] {"time":"2026-09-07T10:46:58.352Z","event":"api_request","method":"GET","url":"http://192.168.10.161:5001/api/employees/dashboard","message":"Mobile API request started","userEmail":"parth123@gmail.com","userRole":"EMPLOYEE"}
[API Request] 2026-09-07T10:46:58.356Z - GET /api/employees/dashboard
[API Request] 2026-09-07T10:46:58.407Z - GET /api/notifications
[Socket] User connected: 41065189-8bb6-43cd-82a8-720800763a88
prisma:query SELECT "public"."Visit"."id", "public"."Visit"."visitorId" FROM "public"."Visit" WHERE "public"."Visit"."hostId" = $1 OFFSET $2
prisma:query SELECT COUNT(*) AS "_count$_all" FROM (SELECT "public"."Visit"."id" FROM "public"."Visit" WHERE "public"."Visit"."hostId" = $1 OFFSET $2) AS "sub"
prisma:query SELECT COUNT(*) AS "_count$_all" FROM (SELECT "public"."Visit"."id" FROM "public"."Visit" WHERE ("public"."Visit"."hostId" = $1 AND "public"."Visit"."status" = CAST($2::text AS "public"."VisitStatus") AND "public"."Visit"."checkInAt" IS NOT NULL AND "public"."Visit"."checkOutAt" IS NULL) OFFSET $3) AS "sub"
prisma:query SELECT COUNT(*) AS "_count$_all" FROM (SELECT "public"."Visit"."id" FROM "public"."Visit" WHERE "public"."Visit"."hostId" = $1 OFFSET $2) AS "sub"
prisma:query SELECT "public"."Notification"."id", "public"."Notification"."recipientId", "public"."Notification"."recipientRole", "public"."Notification"."type", "public"."Notification"."title", "public"."Notification"."message", "public"."Notification"."visitorId", "public"."Notification"."visitId", "public"."Notification"."targetScreen", "public"."Notification"."data", "public"."Notification"."isRead", "public"."Notification"."createdAt", "public"."Notification"."updatedAt" FROM "public"."Notification" WHERE "public"."Notification"."recipientId" = $1 ORDER BY "public"."Notification"."createdAt" DESC LIMIT $2 OFFSET $3
prisma:query INSERT INTO "public"."ActivityLog" ("id","event","method","url","status","message","userEmail","userRole","createdAt") VALUES ($1,$2,$3,$4,$5,$6,$7,$8,$9) RETURNING "public"."ActivityLog"."id", "public"."ActivityLog"."event", "public"."ActivityLog"."screen", "public"."ActivityLog"."action", "public"."ActivityLog"."method", "public"."ActivityLog"."url", "public"."ActivityLog"."status", "public"."ActivityLog"."message", "public"."ActivityLog"."userEmail", "public"."ActivityLog"."userRole", "public"."ActivityLog"."metadata", "public"."ActivityLog"."createdAt"
prisma:query INSERT INTO "public"."ActivityLog" ("id","event","method","url","status","message","userEmail","userRole","createdAt") VALUES ($1,$2,$3,$4,$5,$6,$7,$8,$9) RETURNING "public"."ActivityLog"."id", "public"."ActivityLog"."event", "public"."ActivityLog"."screen", "public"."ActivityLog"."action", "public"."ActivityLog"."method", "public"."ActivityLog"."url", "public"."ActivityLog"."status", "public"."ActivityLog"."message", "public"."ActivityLog"."userEmail", "public"."ActivityLog"."userRole", "public"."ActivityLog"."metadata", "public"."ActivityLog"."createdAt"
prisma:query SELECT COUNT(*) AS "_count$_all" FROM (SELECT "public"."Visit"."id" FROM "public"."Visit" WHERE ("public"."Visit"."hostId" = $1 AND "public"."Visit"."scheduledAt" >= $2 AND "public"."Visit"."scheduledAt" <= $3 AND "public"."Visit"."status" IN (CAST($4::text AS "public"."VisitStatus"),CAST($5::text AS "public"."VisitStatus"))) OFFSET $6) AS "sub"
[API Request] 2026-09-07T10:46:58.692Z - POST /api/activity
[Mobile Activity] {"time":"2026-09-07T10:46:58.693Z","event":"api_response","method":"GET","url":"http://192.168.10.161:5001/api/notifications","status":200,"message":"Mobile API request completed","userEmail":"parth123@gmail.com","userRole":"EMPLOYEE"}
[API Request] 2026-09-07T10:46:58.700Z - POST /api/activity
[Mobile Activity] {"time":"2026-09-07T10:46:58.702Z","event":"api_response","method":"GET","url":"http://192.168.10.161:5001/api/employees/dashboard","status":200,"message":"Mobile API request completed","userEmail":"parth123@gmail.com","userRole":"EMPLOYEE"}
[API Request] 2026-09-07T10:46:58.707Z - POST /api/activity
[Mobile Activity] {"time":"2026-09-07T10:46:58.708Z","event":"api_request","method":"GET","url":"http://192.168.10.161:5001/api/new-appointments?all=true&personToMeet=Parth","message":"Mobile API request started","userEmail":"parth123@gmail.com","userRole":"EMPLOYEE"}
[API Request] 2026-09-07T10:46:58.712Z - GET /api/new-appointments?all=true&personToMeet=Parth
prisma:query INSERT INTO "public"."ActivityLog" ("id","event","method","url","status","message","userEmail","userRole","createdAt") VALUES ($1,$2,$3,$4,$5,$6,$7,$8,$9) RETURNING "public"."ActivityLog"."id", "public"."ActivityLog"."event", "public"."ActivityLog"."screen", "public"."ActivityLog"."action", "public"."ActivityLog"."method", "public"."ActivityLog"."url", "public"."ActivityLog"."status", "public"."ActivityLog"."message", "public"."ActivityLog"."userEmail", "public"."ActivityLog"."userRole", "public"."ActivityLog"."metadata", "public"."ActivityLog"."createdAt"
prisma:query INSERT INTO "public"."ActivityLog" ("id","event","method","url","status","message","userEmail","userRole","createdAt") VALUES ($1,$2,$3,$4,$5,$6,$7,$8,$9) RETURNING "public"."ActivityLog"."id", "public"."ActivityLog"."event", "public"."ActivityLog"."screen", "public"."ActivityLog"."action", "public"."ActivityLog"."method", "public"."ActivityLog"."url", "public"."ActivityLog"."status", "public"."ActivityLog"."message", "public"."ActivityLog"."userEmail", "public"."ActivityLog"."userRole", "public"."ActivityLog"."metadata", "public"."ActivityLog"."createdAt"
prisma:query INSERT INTO "public"."ActivityLog" ("id","event","method","url","status","message","userEmail","userRole","createdAt") VALUES ($1,$2,$3,$4,$5,$6,$7,$8,$9) RETURNING "public"."ActivityLog"."id", "public"."ActivityLog"."event", "public"."ActivityLog"."screen", "public"."ActivityLog"."action", "public"."ActivityLog"."method", "public"."ActivityLog"."url", "public"."ActivityLog"."status", "public"."ActivityLog"."message", "public"."ActivityLog"."userEmail", "public"."ActivityLog"."userRole", "public"."ActivityLog"."metadata", "public"."ActivityLog"."createdAt"
prisma:query SELECT "public"."NewAppointment"."id", "public"."NewAppointment"."appointmentId", "public"."NewAppointment"."fullName", "public"."NewAppointment"."mobile", "public"."NewAppointment"."email", "public"."NewAppointment"."company", "public"."NewAppointment"."visitorType", "public"."NewAppointment"."purpose", "public"."NewAppointment"."personToMeet", "public"."NewAppointment"."department", "public"."NewAppointment"."visitDate", "public"."NewAppointment"."arrivalTime", "public"."NewAppointment"."vehicleNumber", "public"."NewAppointment"."notes", "public"."NewAppointment"."status", "public"."NewAppointment"."rejectionReason", "public"."NewAppointment"."decidedAt", "public"."NewAppointment"."decidedBy", "public"."NewAppointment"."decidedByName", "public"."NewAppointment"."createdAt", "public"."NewAppointment"."updatedAt" FROM "public"."NewAppointment" WHERE "public"."NewAppointment"."personToMeet" = $1 ORDER BY "public"."NewAppointment"."createdAt" DESC OFFSET $2
[API Request] 2026-09-07T10:46:58.816Z - POST /api/activity
[Mobile Activity] {"time":"2026-09-07T10:46:58.819Z","event":"api_response","method":"GET","url":"http://192.168.10.161:5001/api/new-appointments?all=true&personToMeet=Parth","status":200,"message":"Mobile API request completed","userEmail":"parth123@gmail.com","userRole":"EMPLOYEE"}
prisma:query INSERT INTO "public"."ActivityLog" ("id","event","method","url","status","message","userEmail","userRole","createdAt") VALUES ($1,$2,$3,$4,$5,$6,$7,$8,$9) RETURNING "public"."ActivityLog"."id", "public"."ActivityLog"."event", "public"."ActivityLog"."screen", "public"."ActivityLog"."action", "public"."ActivityLog"."method", "public"."ActivityLog"."url", "public"."ActivityLog"."status", "public"."ActivityLog"."message", "public"."ActivityLog"."userEmail", "public"."ActivityLog"."userRole", "public"."ActivityLog"."metadata", "public"."ActivityLog"."createdAt"
[API Request] 2026-09-07T10:47:02.479Z - POST /api/activity
[Mobile Activity] {"time":"2026-09-07T10:47:02.480Z","event":"api_request","method":"GET","url":"http://192.168.10.161:5001/api/employees/dashboard","message":"Mobile API request started","userEmail":"parth123@gmail.com","userRole":"EMPLOYEE"}
[API Request] 2026-09-07T10:47:02.481Z - GET /api/employees/dashboard
prisma:query INSERT INTO "public"."ActivityLog" ("id","event","method","url","status","message","userEmail","userRole","createdAt") VALUES ($1,$2,$3,$4,$5,$6,$7,$8,$9) RETURNING "public"."ActivityLog"."id", "public"."ActivityLog"."event", "public"."ActivityLog"."screen", "public"."ActivityLog"."action", "public"."ActivityLog"."method", "public"."ActivityLog"."url", "public"."ActivityLog"."status", "public"."ActivityLog"."message", "public"."ActivityLog"."userEmail", "public"."ActivityLog"."userRole", "public"."ActivityLog"."metadata", "public"."ActivityLog"."createdAt"
prisma:query SELECT COUNT(*) AS "_count$_all" FROM (SELECT "public"."Visit"."id" FROM "public"."Visit" WHERE ("public"."Visit"."hostId" = $1 AND "public"."Visit"."scheduledAt" >= $2 AND "public"."Visit"."scheduledAt" <= $3 AND "public"."Visit"."status" IN (CAST($4::text AS "public"."VisitStatus"),CAST($5::text AS "public"."VisitStatus"))) OFFSET $6) AS "sub"
prisma:query SELECT COUNT(*) AS "_count$_all" FROM (SELECT "public"."Visit"."id" FROM "public"."Visit" WHERE "public"."Visit"."hostId" = $1 OFFSET $2) AS "sub"
prisma:query SELECT COUNT(*) AS "_count$_all" FROM (SELECT "public"."Visit"."id" FROM "public"."Visit" WHERE ("public"."Visit"."hostId" = $1 AND "public"."Visit"."status" = CAST($2::text AS "public"."VisitStatus") AND "public"."Visit"."checkInAt" IS NOT NULL AND "public"."Visit"."checkOutAt" IS NULL) OFFSET $3) AS "sub"
prisma:query SELECT "public"."Visit"."id", "public"."Visit"."visitorId" FROM "public"."Visit" WHERE "public"."Visit"."hostId" = $1 OFFSET $2
prisma:query SELECT COUNT(*) AS "_count$_all" FROM (SELECT "public"."Visit"."id" FROM "public"."Visit" WHERE "public"."Visit"."hostId" = $1 OFFSET $2) AS "sub"
[API Request] 2026-09-07T10:47:02.523Z - POST /api/activity
[Mobile Activity] {"time":"2026-09-07T10:47:02.525Z","event":"api_response","method":"GET","url":"http://192.168.10.161:5001/api/employees/dashboard","status":200,"message":"Mobile API request completed","userEmail":"parth123@gmail.com","userRole":"EMPLOYEE"}
[API Request] 2026-09-07T10:47:02.529Z - POST /api/activity
[Mobile Activity] {"time":"2026-09-07T10:47:02.531Z","event":"api_request","method":"GET","url":"http://192.168.10.161:5001/api/new-appointments?all=true&personToMeet=Parth","message":"Mobile API request started","userEmail":"parth123@gmail.com","userRole":"EMPLOYEE"}
[API Request] 2026-09-07T10:47:02.535Z - GET /api/new-appointments?all=true&personToMeet=Parth
prisma:query INSERT INTO "public"."ActivityLog" ("id","event","method","url","status","message","userEmail","userRole","createdAt") VALUES ($1,$2,$3,$4,$5,$6,$7,$8,$9) RETURNING "public"."ActivityLog"."id", "public"."ActivityLog"."event", "public"."ActivityLog"."screen", "public"."ActivityLog"."action", "public"."ActivityLog"."method", "public"."ActivityLog"."url", "public"."ActivityLog"."status", "public"."ActivityLog"."message", "public"."ActivityLog"."userEmail", "public"."ActivityLog"."userRole", "public"."ActivityLog"."metadata", "public"."ActivityLog"."createdAt"
prisma:query INSERT INTO "public"."ActivityLog" ("id","event","method","url","status","message","userEmail","userRole","createdAt") VALUES ($1,$2,$3,$4,$5,$6,$7,$8,$9) RETURNING "public"."ActivityLog"."id", "public"."ActivityLog"."event", "public"."ActivityLog"."screen", "public"."ActivityLog"."action", "public"."ActivityLog"."method", "public"."ActivityLog"."url", "public"."ActivityLog"."status", "public"."ActivityLog"."message", "public"."ActivityLog"."userEmail", "public"."ActivityLog"."userRole", "public"."ActivityLog"."metadata", "public"."ActivityLog"."createdAt"
prisma:query SELECT "public"."NewAppointment"."id", "public"."NewAppointment"."appointmentId", "public"."NewAppointment"."fullName", "public"."NewAppointment"."mobile", "public"."NewAppointment"."email", "public"."NewAppointment"."company", "public"."NewAppointment"."visitorType", "public"."NewAppointment"."purpose", "public"."NewAppointment"."personToMeet", "public"."NewAppointment"."department", "public"."NewAppointment"."visitDate", "public"."NewAppointment"."arrivalTime", "public"."NewAppointment"."vehicleNumber", "public"."NewAppointment"."notes", "public"."NewAppointment"."status", "public"."NewAppointment"."rejectionReason", "public"."NewAppointment"."decidedAt", "public"."NewAppointment"."decidedBy", "public"."NewAppointment"."decidedByName", "public"."NewAppointment"."createdAt", "public"."NewAppointment"."updatedAt" FROM "public"."NewAppointment" WHERE "public"."NewAppointment"."personToMeet" = $1 ORDER BY "public"."NewAppointment"."createdAt" DESC OFFSET $2
[API Request] 2026-09-07T10:47:02.560Z - POST /api/activity
[Mobile Activity] {"time":"2026-09-07T10:47:02.562Z","event":"api_response","method":"GET","url":"http://192.168.10.161:5001/api/new-appointments?all=true&personToMeet=Parth","status":200,"message":"Mobile API request completed","userEmail":"parth123@gmail.com","userRole":"EMPLOYEE"}
prisma:query INSERT INTO "public"."ActivityLog" ("id","event","method","url","status","message","userEmail","userRole","createdAt") VALUES ($1,$2,$3,$4,$5,$6,$7,$8,$9) RETURNING "public"."ActivityLog"."id", "public"."ActivityLog"."event", "public"."ActivityLog"."screen", "public"."ActivityLog"."action", "public"."ActivityLog"."method", "public"."ActivityLog"."url", "public"."ActivityLog"."status", "public"."ActivityLog"."message", "public"."ActivityLog"."userEmail", "public"."ActivityLog"."userRole", "public"."ActivityLog"."metadata", "public"."ActivityLog"."createdAt"
[API Request] 2026-09-07T10:47:03.885Z - GET /api/employees/dashboard
[API Request] 2026-09-07T10:47:03.890Z - POST /api/activity
[Mobile Activity] {"time":"2026-09-07T10:47:03.890Z","event":"api_request","method":"GET","url":"http://192.168.10.161:5001/api/employees/dashboard","message":"Mobile API request started","userEmail":"parth123@gmail.com","userRole":"EMPLOYEE"}
prisma:query SELECT "public"."Visit"."id", "public"."Visit"."visitorId" FROM "public"."Visit" WHERE "public"."Visit"."hostId" = $1 OFFSET $2
prisma:query SELECT COUNT(*) AS "_count$_all" FROM (SELECT "public"."Visit"."id" FROM "public"."Visit" WHERE "public"."Visit"."hostId" = $1 OFFSET $2) AS "sub"
prisma:query SELECT COUNT(*) AS "_count$_all" FROM (SELECT "public"."Visit"."id" FROM "public"."Visit" WHERE ("public"."Visit"."hostId" = $1 AND "public"."Visit"."status" = CAST($2::text AS "public"."VisitStatus") AND "public"."Visit"."checkInAt" IS NOT NULL AND "public"."Visit"."checkOutAt" IS NULL) OFFSET $3) AS "sub"
prisma:query SELECT COUNT(*) AS "_count$_all" FROM (SELECT "public"."Visit"."id" FROM "public"."Visit" WHERE "public"."Visit"."hostId" = $1 OFFSET $2) AS "sub"
prisma:query SELECT COUNT(*) AS "_count$_all" FROM (SELECT "public"."Visit"."id" FROM "public"."Visit" WHERE ("public"."Visit"."hostId" = $1 AND "public"."Visit"."scheduledAt" >= $2 AND "public"."Visit"."scheduledAt" <= $3 AND "public"."Visit"."status" IN (CAST($4::text AS "public"."VisitStatus"),CAST($5::text AS "public"."VisitStatus"))) OFFSET $6) AS "sub"
prisma:query INSERT INTO "public"."ActivityLog" ("id","event","method","url","status","message","userEmail","userRole","createdAt") VALUES ($1,$2,$3,$4,$5,$6,$7,$8,$9) RETURNING "public"."ActivityLog"."id", "public"."ActivityLog"."event", "public"."ActivityLog"."screen", "public"."ActivityLog"."action", "public"."ActivityLog"."method", "public"."ActivityLog"."url", "public"."ActivityLog"."status", "public"."ActivityLog"."message", "public"."ActivityLog"."userEmail", "public"."ActivityLog"."userRole", "public"."ActivityLog"."metadata", "public"."ActivityLog"."createdAt"
[API Request] 2026-09-07T10:47:03.932Z - GET /api/new-appointments?all=true&personToMeet=Parth
[API Request] 2026-09-07T10:47:03.934Z - POST /api/activity
[Mobile Activity] {"time":"2026-09-07T10:47:03.934Z","event":"api_response","method":"GET","url":"http://192.168.10.161:5001/api/employees/dashboard","status":200,"message":"Mobile API request completed","userEmail":"parth123@gmail.com","userRole":"EMPLOYEE"}
[API Request] 2026-09-07T10:47:03.935Z - POST /api/activity
[Mobile Activity] {"time":"2026-09-07T10:47:03.936Z","event":"api_request","method":"GET","url":"http://192.168.10.161:5001/api/new-appointments?all=true&personToMeet=Parth","message":"Mobile API request started","userEmail":"parth123@gmail.com","userRole":"EMPLOYEE"}
prisma:query SELECT "public"."NewAppointment"."id", "public"."NewAppointment"."appointmentId", "public"."NewAppointment"."fullName", "public"."NewAppointment"."mobile", "public"."NewAppointment"."email", "public"."NewAppointment"."company", "public"."NewAppointment"."visitorType", "public"."NewAppointment"."purpose", "public"."NewAppointment"."personToMeet", "public"."NewAppointment"."department", "public"."NewAppointment"."visitDate", "public"."NewAppointment"."arrivalTime", "public"."NewAppointment"."vehicleNumber", "public"."NewAppointment"."notes", "public"."NewAppointment"."status", "public"."NewAppointment"."rejectionReason", "public"."NewAppointment"."decidedAt", "public"."NewAppointment"."decidedBy", "public"."NewAppointment"."decidedByName", "public"."NewAppointment"."createdAt", "public"."NewAppointment"."updatedAt" FROM "public"."NewAppointment" WHERE "public"."NewAppointment"."personToMeet" = $1 ORDER BY "public"."NewAppointment"."createdAt" DESC OFFSET $2
prisma:query INSERT INTO "public"."ActivityLog" ("id","event","method","url","status","message","userEmail","userRole","createdAt") VALUES ($1,$2,$3,$4,$5,$6,$7,$8,$9) RETURNING "public"."ActivityLog"."id", "public"."ActivityLog"."event", "public"."ActivityLog"."screen", "public"."ActivityLog"."action", "public"."ActivityLog"."method", "public"."ActivityLog"."url", "public"."ActivityLog"."status", "public"."ActivityLog"."message", "public"."ActivityLog"."userEmail", "public"."ActivityLog"."userRole", "public"."ActivityLog"."metadata", "public"."ActivityLog"."createdAt"
prisma:query INSERT INTO "public"."ActivityLog" ("id","event","method","url","status","message","userEmail","userRole","createdAt") VALUES ($1,$2,$3,$4,$5,$6,$7,$8,$9) RETURNING "public"."ActivityLog"."id", "public"."ActivityLog"."event", "public"."ActivityLog"."screen", "public"."ActivityLog"."action", "public"."ActivityLog"."method", "public"."ActivityLog"."url", "public"."ActivityLog"."status", "public"."ActivityLog"."message", "public"."ActivityLog"."userEmail", "public"."ActivityLog"."userRole", "public"."ActivityLog"."metadata", "public"."ActivityLog"."createdAt"
[API Request] 2026-09-07T10:47:03.956Z - POST /api/activity
[Mobile Activity] {"time":"2026-09-07T10:47:03.957Z","event":"api_response","method":"GET","url":"http://192.168.10.161:5001/api/new-appointments?all=true&personToMeet=Parth","status":200,"message":"Mobile API request completed","userEmail":"parth123@gmail.com","userRole":"EMPLOYEE"}
prisma:query INSERT INTO "public"."ActivityLog" ("id","event","method","url","status","message","userEmail","userRole","createdAt") VALUES ($1,$2,$3,$4,$5,$6,$7,$8,$9) RETURNING "public"."ActivityLog"."id", "public"."ActivityLog"."event", "public"."ActivityLog"."screen", "public"."ActivityLog"."action", "public"."ActivityLog"."method", "public"."ActivityLog"."url", "public"."ActivityLog"."status", "public"."ActivityLog"."message", "public"."ActivityLog"."userEmail", "public"."ActivityLog"."userRole", "public"."ActivityLog"."metadata", "public"."ActivityLog"."createdAt"
[API Request] 2026-09-07T10:47:53.142Z - GET /api/new-appointments?all=true&personToMeet=Parth
[API Request] 2026-09-07T10:47:53.145Z - POST /api/activity
[Mobile Activity] {"time":"2026-09-07T10:47:53.146Z","event":"api_request","method":"GET","url":"http://192.168.10.161:5001/api/new-appointments?all=true&personToMeet=Parth","message":"Mobile API request started","userEmail":"parth123@gmail.com","userRole":"EMPLOYEE"}
prisma:query SELECT "public"."NewAppointment"."id", "public"."NewAppointment"."appointmentId", "public"."NewAppointment"."fullName", "public"."NewAppointment"."mobile", "public"."NewAppointment"."email", "public"."NewAppointment"."company", "public"."NewAppointment"."visitorType", "public"."NewAppointment"."purpose", "public"."NewAppointment"."personToMeet", "public"."NewAppointment"."department", "public"."NewAppointment"."visitDate", "public"."NewAppointment"."arrivalTime", "public"."NewAppointment"."vehicleNumber", "public"."NewAppointment"."notes", "public"."NewAppointment"."status", "public"."NewAppointment"."rejectionReason", "public"."NewAppointment"."decidedAt", "public"."NewAppointment"."decidedBy", "public"."NewAppointment"."decidedByName", "public"."NewAppointment"."createdAt", "public"."NewAppointment"."updatedAt" FROM "public"."NewAppointment" WHERE "public"."NewAppointment"."personToMeet" = $1 ORDER BY "public"."NewAppointment"."createdAt" DESC OFFSET $2
prisma:query INSERT INTO "public"."ActivityLog" ("id","event","method","url","status","message","userEmail","userRole","createdAt") VALUES ($1,$2,$3,$4,$5,$6,$7,$8,$9) RETURNING "public"."ActivityLog"."id", "public"."ActivityLog"."event", "public"."ActivityLog"."screen", "public"."ActivityLog"."action", "public"."ActivityLog"."method", "public"."ActivityLog"."url", "public"."ActivityLog"."status", "public"."ActivityLog"."message", "public"."ActivityLog"."userEmail", "public"."ActivityLog"."userRole", "public"."ActivityLog"."metadata", "public"."ActivityLog"."createdAt"
[API Request] 2026-09-07T10:47:53.249Z - POST /api/activity
[Mobile Activity] {"time":"2026-09-07T10:47:53.250Z","event":"api_response","method":"GET","url":"http://192.168.10.161:5001/api/new-appointments?all=true&personToMeet=Parth","status":200,"message":"Mobile API request completed","userEmail":"parth123@gmail.com","userRole":"EMPLOYEE"}
prisma:query INSERT INTO "public"."ActivityLog" ("id","event","method","url","status","message","userEmail","userRole","createdAt") VALUES ($1,$2,$3,$4,$5,$6,$7,$8,$9) RETURNING "public"."ActivityLog"."id", "public"."ActivityLog"."event", "public"."ActivityLog"."screen", "public"."ActivityLog"."action", "public"."ActivityLog"."method", "public"."ActivityLog"."url", "public"."ActivityLog"."status", "public"."ActivityLog"."message", "public"."ActivityLog"."userEmail", "public"."ActivityLog"."userRole", "public"."ActivityLog"."metadata", "public"."ActivityLog"."createdAt"
[API Request] 2026-09-07T10:47:53.348Z - POST /api/activity
[Mobile Activity] {"time":"2026-09-07T10:47:53.348Z","event":"admin_approval_list_error","screen":"Admin Approvals","message":"Unable to load all new appointments","userEmail":"parth123@gmail.com","userRole":"EMPLOYEE"}
prisma:query INSERT INTO "public"."ActivityLog" ("id","event","screen","status","message","userEmail","userRole","createdAt") VALUES ($1,$2,$3,$4,$5,$6,$7,$8) RETURNING "public"."ActivityLog"."id", "public"."ActivityLog"."event", "public"."ActivityLog"."screen", "public"."ActivityLog"."action", "public"."ActivityLog"."method", "public"."ActivityLog"."url", "public"."ActivityLog"."status", "public"."ActivityLog"."message", "public"."ActivityLog"."userEmail", "public"."ActivityLog"."userRole", "public"."ActivityLog"."metadata", "public"."ActivityLog"."createdAt"
[Socket] User disconnected: 41065189-8bb6-43cd-82a8-720800763a88
[API Request] 2026-09-07T11:13:02.321Z - POST /api/activity
[Mobile Activity] {"time":"2026-09-07T11:13:02.324Z","event":"api_request","method":"GET","url":"http://192.168.10.161:5001/api/notifications","message":"Mobile API request started","userEmail":"parth123@gmail.com","userRole":"EMPLOYEE"}
[API Request] 2026-09-07T11:13:02.335Z - POST /api/activity
[Mobile Activity] {"time":"2026-09-07T11:13:02.337Z","event":"api_request","method":"GET","url":"http://192.168.10.161:5001/api/employees/dashboard","message":"Mobile API request started","userEmail":"parth123@gmail.com","userRole":"EMPLOYEE"}
[API Request] 2026-09-07T11:13:02.358Z - GET /api/employees/dashboard
[API Request] 2026-09-07T11:13:02.364Z - GET /api/notifications
prisma:query SELECT "public"."Visit"."id", "public"."Visit"."visitorId" FROM "public"."Visit" WHERE "public"."Visit"."hostId" = $1 OFFSET $2
prisma:query SELECT COUNT(*) AS "_count$_all" FROM (SELECT "public"."Visit"."id" FROM "public"."Visit" WHERE "public"."Visit"."hostId" = $1 OFFSET $2) AS "sub"
prisma:query INSERT INTO "public"."ActivityLog" ("id","event","method","url","status","message","userEmail","userRole","createdAt") VALUES ($1,$2,$3,$4,$5,$6,$7,$8,$9) RETURNING "public"."ActivityLog"."id", "public"."ActivityLog"."event", "public"."ActivityLog"."screen", "public"."ActivityLog"."action", "public"."ActivityLog"."method", "public"."ActivityLog"."url", "public"."ActivityLog"."status", "public"."ActivityLog"."message", "public"."ActivityLog"."userEmail", "public"."ActivityLog"."userRole", "public"."ActivityLog"."metadata", "public"."ActivityLog"."createdAt"
prisma:query INSERT INTO "public"."ActivityLog" ("id","event","method","url","status","message","userEmail","userRole","createdAt") VALUES ($1,$2,$3,$4,$5,$6,$7,$8,$9) RETURNING "public"."ActivityLog"."id", "public"."ActivityLog"."event", "public"."ActivityLog"."screen", "public"."ActivityLog"."action", "public"."ActivityLog"."method", "public"."ActivityLog"."url", "public"."ActivityLog"."status", "public"."ActivityLog"."message", "public"."ActivityLog"."userEmail", "public"."ActivityLog"."userRole", "public"."ActivityLog"."metadata", "public"."ActivityLog"."createdAt"
prisma:query SELECT COUNT(*) AS "_count$_all" FROM (SELECT "public"."Visit"."id" FROM "public"."Visit" WHERE "public"."Visit"."hostId" = $1 OFFSET $2) AS "sub"
prisma:query SELECT COUNT(*) AS "_count$_all" FROM (SELECT "public"."Visit"."id" FROM "public"."Visit" WHERE ("public"."Visit"."hostId" = $1 AND "public"."Visit"."status" = CAST($2::text AS "public"."VisitStatus") AND "public"."Visit"."checkInAt" IS NOT NULL AND "public"."Visit"."checkOutAt" IS NULL) OFFSET $3) AS "sub"
prisma:query SELECT COUNT(*) AS "_count$_all" FROM (SELECT "public"."Visit"."id" FROM "public"."Visit" WHERE ("public"."Visit"."hostId" = $1 AND "public"."Visit"."scheduledAt" >= $2 AND "public"."Visit"."scheduledAt" <= $3 AND "public"."Visit"."status" IN (CAST($4::text AS "public"."VisitStatus"),CAST($5::text AS "public"."VisitStatus"))) OFFSET $6) AS "sub"
prisma:query SELECT "public"."Notification"."id", "public"."Notification"."recipientId", "public"."Notification"."recipientRole", "public"."Notification"."type", "public"."Notification"."title", "public"."Notification"."message", "public"."Notification"."visitorId", "public"."Notification"."visitId", "public"."Notification"."targetScreen", "public"."Notification"."data", "public"."Notification"."isRead", "public"."Notification"."createdAt", "public"."Notification"."updatedAt" FROM "public"."Notification" WHERE "public"."Notification"."recipientId" = $1 ORDER BY "public"."Notification"."createdAt" DESC LIMIT $2 OFFSET $3
[Socket] User connected: 41065189-8bb6-43cd-82a8-720800763a88
[API Request] 2026-09-07T11:13:02.590Z - POST /api/activity
[Mobile Activity] {"time":"2026-09-07T11:13:02.591Z","event":"api_response","method":"GET","url":"http://192.168.10.161:5001/api/employees/dashboard","status":200,"message":"Mobile API request completed","userEmail":"parth123@gmail.com","userRole":"EMPLOYEE"}
[API Request] 2026-09-07T11:13:02.593Z - POST /api/activity
[Mobile Activity] {"time":"2026-09-07T11:13:02.593Z","event":"api_request","method":"GET","url":"http://192.168.10.161:5001/api/new-appointments?all=true&personToMeet=Parth","message":"Mobile API request started","userEmail":"parth123@gmail.com","userRole":"EMPLOYEE"}
prisma:query INSERT INTO "public"."ActivityLog" ("id","event","method","url","status","message","userEmail","userRole","createdAt") VALUES ($1,$2,$3,$4,$5,$6,$7,$8,$9) RETURNING "public"."ActivityLog"."id", "public"."ActivityLog"."event", "public"."ActivityLog"."screen", "public"."ActivityLog"."action", "public"."ActivityLog"."method", "public"."ActivityLog"."url", "public"."ActivityLog"."status", "public"."ActivityLog"."message", "public"."ActivityLog"."userEmail", "public"."ActivityLog"."userRole", "public"."ActivityLog"."metadata", "public"."ActivityLog"."createdAt"
prisma:query INSERT INTO "public"."ActivityLog" ("id","event","method","url","status","message","userEmail","userRole","createdAt") VALUES ($1,$2,$3,$4,$5,$6,$7,$8,$9) RETURNING "public"."ActivityLog"."id", "public"."ActivityLog"."event", "public"."ActivityLog"."screen", "public"."ActivityLog"."action", "public"."ActivityLog"."method", "public"."ActivityLog"."url", "public"."ActivityLog"."status", "public"."ActivityLog"."message", "public"."ActivityLog"."userEmail", "public"."ActivityLog"."userRole", "public"."ActivityLog"."metadata", "public"."ActivityLog"."createdAt"
[API Request] 2026-09-07T11:13:02.603Z - POST /api/activity
[Mobile Activity] {"time":"2026-09-07T11:13:02.604Z","event":"api_response","method":"GET","url":"http://192.168.10.161:5001/api/notifications","status":200,"message":"Mobile API request completed","userEmail":"parth123@gmail.com","userRole":"EMPLOYEE"}
[API Request] 2026-09-07T11:13:02.605Z - GET /api/new-appointments?all=true&personToMeet=Parth
prisma:query INSERT INTO "public"."ActivityLog" ("id","event","method","url","status","message","userEmail","userRole","createdAt") VALUES ($1,$2,$3,$4,$5,$6,$7,$8,$9) RETURNING "public"."ActivityLog"."id", "public"."ActivityLog"."event", "public"."ActivityLog"."screen", "public"."ActivityLog"."action", "public"."ActivityLog"."method", "public"."ActivityLog"."url", "public"."ActivityLog"."status", "public"."ActivityLog"."message", "public"."ActivityLog"."userEmail", "public"."ActivityLog"."userRole", "public"."ActivityLog"."metadata", "public"."ActivityLog"."createdAt"
prisma:query SELECT "public"."NewAppointment"."id", "public"."NewAppointment"."appointmentId", "public"."NewAppointment"."fullName", "public"."NewAppointment"."mobile", "public"."NewAppointment"."email", "public"."NewAppointment"."company", "public"."NewAppointment"."visitorType", "public"."NewAppointment"."purpose", "public"."NewAppointment"."personToMeet", "public"."NewAppointment"."department", "public"."NewAppointment"."visitDate", "public"."NewAppointment"."arrivalTime", "public"."NewAppointment"."vehicleNumber", "public"."NewAppointment"."notes", "public"."NewAppointment"."status", "public"."NewAppointment"."rejectionReason", "public"."NewAppointment"."decidedAt", "public"."NewAppointment"."decidedBy", "public"."NewAppointment"."decidedByName", "public"."NewAppointment"."createdAt", "public"."NewAppointment"."updatedAt" FROM "public"."NewAppointment" WHERE "public"."NewAppointment"."personToMeet" = $1 ORDER BY "public"."NewAppointment"."createdAt" DESC OFFSET $2
[API Request] 2026-09-07T11:13:02.636Z - POST /api/activity
[Mobile Activity] {"time":"2026-09-07T11:13:02.636Z","event":"api_response","method":"GET","url":"http://192.168.10.161:5001/api/new-appointments?all=true&personToMeet=Parth","status":200,"message":"Mobile API request completed","userEmail":"parth123@gmail.com","userRole":"EMPLOYEE"}
prisma:query INSERT INTO "public"."ActivityLog" ("id","event","method","url","status","message","userEmail","userRole","createdAt") VALUES ($1,$2,$3,$4,$5,$6,$7,$8,$9) RETURNING "public"."ActivityLog"."id", "public"."ActivityLog"."event", "public"."ActivityLog"."screen", "public"."ActivityLog"."action", "public"."ActivityLog"."method", "public"."ActivityLog"."url", "public"."ActivityLog"."status", "public"."ActivityLog"."message", "public"."ActivityLog"."userEmail", "public"."ActivityLog"."userRole", "public"."ActivityLog"."metadata", "public"."ActivityLog"."createdAt"
[API Request] 2026-09-07T11:15:59.031Z - POST /api/activity
[Mobile Activity] {"time":"2026-09-07T11:15:59.032Z","event":"api_request","method":"GET","url":"http://192.168.10.161:5001/api/new-appointments?all=true&personToMeet=Parth","message":"Mobile API request started","userEmail":"parth123@gmail.com","userRole":"EMPLOYEE"}
[API Request] 2026-09-07T11:15:59.034Z - GET /api/new-appointments?all=true&personToMeet=Parth
prisma:query INSERT INTO "public"."ActivityLog" ("id","event","method","url","status","message","userEmail","userRole","createdAt") VALUES ($1,$2,$3,$4,$5,$6,$7,$8,$9) RETURNING "public"."ActivityLog"."id", "public"."ActivityLog"."event", "public"."ActivityLog"."screen", "public"."ActivityLog"."action", "public"."ActivityLog"."method", "public"."ActivityLog"."url", "public"."ActivityLog"."status", "public"."ActivityLog"."message", "public"."ActivityLog"."userEmail", "public"."ActivityLog"."userRole", "public"."ActivityLog"."metadata", "public"."ActivityLog"."createdAt"
prisma:query SELECT "public"."NewAppointment"."id", "public"."NewAppointment"."appointmentId", "public"."NewAppointment"."fullName", "public"."NewAppointment"."mobile", "public"."NewAppointment"."email", "public"."NewAppointment"."company", "public"."NewAppointment"."visitorType", "public"."NewAppointment"."purpose", "public"."NewAppointment"."personToMeet", "public"."NewAppointment"."department", "public"."NewAppointment"."visitDate", "public"."NewAppointment"."arrivalTime", "public"."NewAppointment"."vehicleNumber", "public"."NewAppointment"."notes", "public"."NewAppointment"."status", "public"."NewAppointment"."rejectionReason", "public"."NewAppointment"."decidedAt", "public"."NewAppointment"."decidedBy", "public"."NewAppointment"."decidedByName", "public"."NewAppointment"."createdAt", "public"."NewAppointment"."updatedAt" FROM "public"."NewAppointment" WHERE "public"."NewAppointment"."personToMeet" = $1 ORDER BY "public"."NewAppointment"."createdAt" DESC OFFSET $2
[API Request] 2026-09-07T11:15:59.124Z - POST /api/activity
[Mobile Activity] {"time":"2026-09-07T11:15:59.124Z","event":"api_response","method":"GET","url":"http://192.168.10.161:5001/api/new-appointments?all=true&personToMeet=Parth","status":200,"message":"Mobile API request completed","userEmail":"parth123@gmail.com","userRole":"EMPLOYEE"}
[API Request] 2026-09-07T11:15:59.130Z - POST /api/activity
[Mobile Activity] {"time":"2026-09-07T11:15:59.131Z","event":"employee_approval_list_loaded","screen":"Employee Approvals","message":"All new appointments loaded","userEmail":"parth123@gmail.com","userRole":"EMPLOYEE","metadata":{"count":2}}
prisma:query INSERT INTO "public"."ActivityLog" ("id","event","method","url","status","message","userEmail","userRole","createdAt") VALUES ($1,$2,$3,$4,$5,$6,$7,$8,$9) RETURNING "public"."ActivityLog"."id", "public"."ActivityLog"."event", "public"."ActivityLog"."screen", "public"."ActivityLog"."action", "public"."ActivityLog"."method", "public"."ActivityLog"."url", "public"."ActivityLog"."status", "public"."ActivityLog"."message", "public"."ActivityLog"."userEmail", "public"."ActivityLog"."userRole", "public"."ActivityLog"."metadata", "public"."ActivityLog"."createdAt"
prisma:query INSERT INTO "public"."ActivityLog" ("id","event","screen","status","message","userEmail","userRole","metadata","createdAt") VALUES ($1,$2,$3,$4,$5,$6,$7,$8,$9) RETURNING "public"."ActivityLog"."id", "public"."ActivityLog"."event", "public"."ActivityLog"."screen", "public"."ActivityLog"."action", "public"."ActivityLog"."method", "public"."ActivityLog"."url", "public"."ActivityLog"."status", "public"."ActivityLog"."message", "public"."ActivityLog"."userEmail", "public"."ActivityLog"."userRole", "public"."ActivityLog"."metadata", "public"."ActivityLog"."createdAt"
[Socket] User disconnected: 41065189-8bb6-43cd-82a8-720800763a88
